21100220260904025217810361325  001  660475  A  8750                      0                          
21100220260904025217810361325  002  660412  A  2625                      0                          
21100220260904025217810361325  003  660902  A  2625                      0                          
21100220260904025217810361325  004  660174  A  2625                      0                          
21100220260904025217810361325  005  660876  A  4375                      0                          
21100220260904025217810361325  006  660133  A  2625                      0                          
21100220260904025217810361325  007  660711  A  8750                      0                          
21100220260904025217810361325  008  660001  A  5250                      0                          
21100220260904025217810361325  009  661040  A  7875                      0                          
21100220260904025217810361325  010  660192  R  5250                      0                          
21100220260904025217810361325  011  661035  R  5250                      0                          
21100220260904025217810361325  012  660481  R  10500                     0                          
21100220260904025217810361325  013  669913  R  64750                     0                          
21100220260904039051294756100  001  660931  R  28000                     0                          
21100220260904039051294756100  002  663640  R  35000                     0                          
21100220260904039051294756100  003  660001  R  5250                      0                          
21100420260904005666625508768  001  660475  A  8750                      0                          
21100420260904005666625508768  002  660412  A  2625                      0                          
21100420260904005666625508768  003  660902  A  2625                      0                          
21100420260904005666625508768  004  660865  A  15750                     0                          
21100420260904005666625508768  005  660174  A  2625                      0                          
21100420260904005666625508768  006  660876  A  4375                      0                          
21100420260904005666625508768  007  660001  A  5250                      0                          
21100420260904005666625508768  008  660711  R  8750                      0                          
21100420260904037713381476474  001  660475  A  8750                      0                          
21100420260904037713381476474  002  660412  A  2625                      0                          
21100420260904037713381476474  003  660001  A  5250                      0                          
21100420260904037713381476474  004  660063  A  19250                     0                          
21100420260904037713381476474  005  660876  A  4375                      0                          
21100420260904037713381476474  006  661086  A  21000                     0                          
21100420260904037713381476474  007  660192  R  5250                      0                          
21100420260904037713381476474  008  660874  R  2625                      0                          
21100420260904037713381476474  009  660873  R  2625                      0                          
21100420260904037713381476474  010  660594  R  5250                      0                          
21100420260904037713381476474  011  660174  R  2625                      0                          
21100420260904037713381476474  012  661035  R  5250                      0                          
21100420260904037713381476474  013  661040  R  7875                      0                          
21100420260904037713381476474  014  660933  R  7000                      0                          
21100420260904037713381476474  015  660371  R  14000                     0                          
21100420260904037713381476474  016  669580  R  24500                     0                          
21100420260904037713381476474  017  669571  R  17500                     0                          
21100420260904037713381476474  018  660245  R  19250                     0                          
21100420260904037713381476474  019  661095  R  35000                     0                          
21100420260904037713381476474  020  660865  R  15750                     0                          
21100420260904058729891522962  001  660412  A  2625                      0                          
21100420260904058729891522962  002  660133  A  2625                      0                          
21100420260904058729891522962  003  660362  A  2625                      0                          
21100420260904058729891522962  004  660653  A  4375                      0                          
21100420260904058729891522962  005  660938  A  26250                     0                          
21100420260904058729891522962  006  660771  A  5250                      0                          
21100420260904058729891522962  007  660001  A  5250                      0                          
21100420260904058729891522962  008  660352  A  19250                     0                          
21100420260904058729891522962  009  664632  A  24500                     0                          
21100420260904058729891522962  010  666452  R  52500                     0                          
21100420260904058729891522962  011  669913  R  64750                     0                          
21100420260904058729891522962  012  660887  R  5250                      0                          
21100420260904058729891522962  013  669460  R  24500                     0                          
21100420260904058729891522962  014  668315  R  21000                     0                          
21100620260904010739758820540  001  660475  A  8750                      0                          
21100620260904010739758820540  002  661070  A  26250                     0                          
21100620260904010739758820540  003  660876  A  4375                      0                          
21100620260904010739758820540  004  661035  A  5250                      0                          
21100620260904010739758820540  005  660193  A  8750                      0                          
21100620260904010739758820540  006  660001  A  5250                      0                          
21100620260904010739758820540  007  661130  R  21875                     0                          
21100620260904010739758820540  008  660711  R  8750                      0                          
21100620260904010972336146124  001  660475  A  8750                      0                          
21100620260904010972336146124  002  660412  A  2625                      0                          
21100620260904010972336146124  003  660902  A  2625                      0                          
21100620260904010972336146124  004  660174  A  2625                      0                          
21100620260904010972336146124  005  660876  A  4375                      0                          
21100620260904010972336146124  006  661035  A  5250                      0                          
21100620260904010972336146124  007  660865  A  15750                     0                          
21100620260904010972336146124  008  660001  A  5250                      0                          
21100620260904010972336146124  009  660481  A  10500                     0                          
21100620260904010972336146124  010  660192  R  5250                      0                          
21100620260904010972336146124  011  661040  R  7875                      0                          
21100620260904010972336146124  012  661070  R  26250                     0                          
21100620260904010972336146124  013  660546  R  6125                      0                          
21100620260904010972336146124  014  660761  R  8750                      0                          
21100620260904012650626485262  001  660475  R  8750                      0                          
21100620260904012650626485262  002  660412  R  2625                      0                          
21100620260904012650626485262  003  660481  R  10500                     0                          
21100620260904012650626485262  004  660761  R  8750                      0                          
21100620260904012650626485262  005  660297  R  3500                      0                          
21100620260904012650626485262  006  660598  R  10500                     0                          
21100620260904012650626485262  007  660001  R  5250                      0                          
21100620260904014336106812807  001  660475  A  8750                      0                          
21100620260904014336106812807  002  661120  A  35000                     0                          
21100620260904014336106812807  003  660133  A  2625                      0                          
21100620260904014336106812807  004  660357  A  2625                      0                          
21100620260904014336106812807  005  660412  A  2625                      0                          
21100620260904014336106812807  006  660174  A  2625                      0                          
21100620260904014336106812807  007  660001  A  5250                      0                          
21100620260904014336106812807  008  661035  R  5250                      0                          
21100620260904014336106812807  009  661040  R  7875                      0                          
21100620260904017202013528066  001  660475  A  8750                      0                          
21100620260904017202013528066  002  660412  A  2625                      0                          
21100620260904017202013528066  003  660192  A  5250                      0                          
21100620260904017202013528066  004  660174  A  2625                      0                          
21100620260904017202013528066  005  660876  A  4375                      0                          
21100620260904017202013528066  006  660711  A  8750                      0                          
21100620260904017202013528066  007  660865  A  15750                     0                          
21100620260904017202013528066  008  660133  A  2625                      0                          
21100620260904017202013528066  009  660001  A  5250                      0                          
21100620260904017202013528066  010  661035  R  5250                      0                          
21100620260904017202013528066  011  661040  R  7875                      0                          
21100620260904017202013528066  012  660481  R  10500                     0                          
21100620260904017202013528066  013  669913  R  64750                     0                          
21100620260904017202013953823  001  660190  A  5250                      0                          
21100620260904017202013953823  002  660297  R  3500                      0                          
21100620260904017202013953823  003  660001  R  5250                      0                          
21100620260904017328473386204  001  660911  A  35000                     0                          
21100620260904017328473386204  002  660001  A  5250                      0                          
21100620260904021642066334331  001  660063  A  19250                     0                          
21100620260904021642066334331  002  660933  A  7000                      0                          
21100620260904021642066334331  003  660475  A  8750                      0                          
21100620260904021642066334331  004  660297  A  3500                      0                          
21100620260904021642066334331  005  660001  A  5250                      0                          
21100620260904021642066334331  006  661090  R  35000                     0                          
21100620260904021642066334331  007  660711  R  8750                      0                          
21100620260904021642066334331  008  660481  R  10500                     0                          
21100620260904021642066334331  009  660761  R  8750                      0                          
21100620260904021642066334331  010  660904  R  2625                      0                          
21100620260904021642066334331  011  660412  R  2625                      0                          
21100620260904021642066334331  012  661086  R  21000                     0                          
21100620260904024898103015143  001  660046  R  17500                     0                          
21100620260904024898103015143  002  668315  R  21000                     0                          
21100620260904024898103015143  003  660412  R  2625                      0                          
21100620260904024898103015143  004  660001  R  5250                      0                          
21100620260904029350393605883  001  660105  A  15750                     0                          
21100620260904029350393605883  002  660101  A  7000                      0                          
21100620260904029350393605883  003  660001  A  5250                      0                          
21100620260904029350393605883  004  660035  R  15750                     0                          
21100620260904032140863524975  001  669127  A  31500                     0                          
21100620260904032140863524975  002  660001  A  5250                      0                          
21100620260904032140863524975  003  660931  R  28000                     0                          
21100620260904054026367958957  001  660475  A  8750                      0                          
21100620260904054026367958957  002  660481  A  10500                     0                          
21100620260904054026367958957  003  660412  A  2625                      0                          
21100620260904054026367958957  004  660902  A  2625                      0                          
21100620260904054026367958957  005  660174  A  2625                      0                          
21100620260904054026367958957  006  660711  A  8750                      0                          
21100620260904054026367958957  007  660001  A  5250                      0                          
21100620260904054026367958957  008  660192  A  5250                      0                          
21100620260904054026367958957  009  660420  R  4375                      0                          
21100620260904054026367958957  010  660904  R  2625                      0                          
21100620260904054026367958957  011  660953  R  7000                      0                          
21100620260904070777650843262  001  660475  A  8750                      0                          
21100620260904070777650843262  002  660412  A  2625                      0                          
21100620260904070777650843262  003  660902  A  2625                      0                          
21100620260904070777650843262  004  660763  A  2625                      0                          
21100620260904070777650843262  005  660015  A  2625                      0                          
21100620260904070777650843262  006  660711  A  8750                      0                          
21100620260904070777650843262  007  660343  A  3500                      0                          
21100620260904070777650843262  008  660875  A  10500                     0                          
21100620260904070777650843262  009  660001  A  5250                      0                          
21100620260904070777650843262  010  660192  A  5250                      0                          
21100620260904070777650843262  011  660481  R  10500                     0                          
21100620260904070777650843262  012  660546  R  6125                      0                          
21100620260904070777650843262  013  665230  R  26250                     0                          
21100820260904006343377845550  001  660475  A  8750                      0                          
21100820260904006343377845550  002  660297  A  3500                      0                          
21100820260904006343377845550  003  660412  A  2625                      0                          
21100820260904006343377845550  004  660902  A  2625                      0                          
21100820260904006343377845550  005  660904  A  2625                      0                          
21100820260904006343377845550  006  660711  A  8750                      0                          
21100820260904006343377845550  007  660001  A  5250                      0                          
21100820260904006343377845550  008  660876  A  4375                      0                          
21100820260904006343377845550  009  660174  A  2625                      0                          
21100820260904006343377845550  010  660192  R  5250                      0                          
21100820260904006343377845550  011  660481  R  10500                     0                          
21100820260904018065555437261  001  660475  A  8750                      0                          
21100820260904018065555437261  002  660412  A  2625                      0                          
21100820260904018065555437261  003  660174  A  2625                      0                          
21100820260904018065555437261  004  660876  A  4375                      0                          
21100820260904018065555437261  005  660865  A  15750                     0                          
21100820260904018065555437261  006  660001  A  5250                      0                          
21100820260904018065555437261  007  660192  A  5250                      0                          
21100820260904018065555437261  008  661035  R  5250                      0                          
21100820260904018065555437261  009  660481  R  10500                     0                          
21100820260904023200475299917  001  660370  A  17500                     0                          
21100820260904023200475299917  002  660001  A  5250                      0                          
21100820260904023200475299917  003  660300  A  17500                     0                          
21100820260904023200475299917  004  660133  A  2625                      0                          
21100820260904023200475299917  005  660136  R  3500                      0                          
21100820260904023200475299917  006  660931  R  28000                     0                          
21100820260904025544556753897  001  660475  A  8750                      0                          
21100820260904025544556753897  002  660412  A  2625                      0                          
21100820260904025544556753897  003  661000  A  31500                     0                          
21100820260904025544556753897  004  660192  A  5250                      0                          
21100820260904025544556753897  005  660174  A  2625                      0                          
21100820260904025544556753897  006  660904  A  2625                      0                          
21100820260904025544556753897  007  660876  A  4375                      0                          
21100820260904025544556753897  008  660711  A  8750                      0                          
21100820260904025544556753897  009  660902  R  2625                      0                          
21100820260904025544556753897  010  660481  R  10500                     0                          
21100820260904025544556753897  011  660865  R  15750                     0                          
21100820260904025544556753897  012  660867  R  15750                     0                          
21100820260904025544556753897  013  660736  R  7000                      0                          
21100820260904025544556753897  014  660833  R  14000                     0                          
21100820260904025544556753897  015  660001  R  5250                      0                          
21100820260904025882816467762  001  660475  R  8750                      0                          
21100820260904025882816467762  002  660412  R  2625                      0                          
21100820260904025882816467762  003  661000  R  31500                     0                          
21100820260904025882816467762  004  660902  R  2625                      0                          
21100820260904025882816467762  005  660174  R  2625                      0                          
21100820260904025882816467762  006  660876  R  4375                      0                          
21100820260904025882816467762  007  660904  R  2625                      0                          
21100820260904025882816467762  008  660481  R  10500                     0                          
21100820260904025882816467762  009  660711  R  8750                      0                          
21100820260904025882816467762  010  660001  R  5250                      0                          
21100820260904027512896740876  001  660475  A  8750                      0                          
21100820260904027512896740876  002  660412  A  2625                      0                          
21100820260904027512896740876  003  660192  A  5250                      0                          
21100820260904027512896740876  004  660174  A  2625                      0                          
21100820260904027512896740876  005  661035  A  5250                      0                          
21100820260904027512896740876  006  660711  A  8750                      0                          
21100820260904027512896740876  007  660001  A  5250                      0                          
21100820260904027512896740876  008  660902  R  2625                      0                          
21100820260904027512896740876  009  661040  R  7875                      0                          
21100820260904027880104481576  001  660475  A  8750                      0                          
21100820260904027880104481576  002  660412  A  2625                      0                          
21100820260904027880104481576  003  660902  A  2625                      0                          
21100820260904027880104481576  004  660171  A  14000                     0                          
21100820260904027880104481576  005  660711  A  8750                      0                          
21100820260904027880104481576  006  660001  A  5250                      0                          
21100820260904032583246258694  001  660475  A  8750                      0                          
21100820260904032583246258694  002  660412  A  2625                      0                          
21100820260904032583246258694  003  669127  A  31500                     0                          
21100820260904032583246258694  004  660171  A  14000                     0                          
21100820260904032583246258694  005  660711  A  8750                      0                          
21100820260904032583246258694  006  660001  A  5250                      0                          
21100820260904032583246258694  007  660904  A  2625                      0                          
21100820260904032583246258694  008  660192  A  5250                      0                          
21100820260904032583246258694  009  660343  R  3500                      0                          
21100820260904032583246258694  010  665230  R  26250                     0                          
21100820260904032583246258694  011  660902  R  2625                      0                          
21100820260904032583246258694  012  660481  R  10500                     0                          
21100820260904032583246258694  013  660933  R  7000                      0                          
21100820260904032583246258694  014  660063  R  19250                     0                          
21100820260904032583246258694  015  660870  R  7000                      0                          
21100820260904037828798606993  001  660865  A  15750                     0                          
21100820260904037828798606993  002  660174  A  2625                      0                          
21100820260904037828798606993  003  660866  A  15750                     0                          
21100820260904037828798606993  004  660001  A  5250                      0                          
21100820260904046577917494589  001  660174  A  2625                      0                          
21100820260904046577917494589  002  660876  A  4375                      0                          
21100820260904046577917494589  003  661035  R  5250                      0                          
21100820260904046577917494589  004  661040  R  7875                      0                          
21100820260904046577917494589  005  660904  R  2625                      0                          
21100820260904046577917494589  006  660001  R  5250                      0                          
21100820260904046966703965534  001  660475  A  8750                      0                          
21100820260904046966703965534  002  660412  A  2625                      0                          
21100820260904046966703965534  003  660902  A  2625                      0                          
21100820260904046966703965534  004  660174  A  2625                      0                          
21100820260904046966703965534  005  661035  A  5250                      0                          
21100820260904046966703965534  006  660876  A  4375                      0                          
21100820260904046966703965534  007  660865  A  15750                     0                          
21100820260904046966703965534  008  660866  A  15750                     0                          
21100820260904046966703965534  009  660001  A  5250                      0                          
21100820260904046966703965534  010  660297  R  3500                      0                          
21100820260904046966703965534  011  660192  R  5250                      0                          
21100820260904046966703965534  012  660481  R  10500                     0                          
21100820260904046966703965534  013  660711  R  8750                      0                          
21100820260904055404536603472  001  660475  A  8750                      0                          
21100820260904055404536603472  002  660481  A  10500                     0                          
21100820260904055404536603472  003  660001  A  5250                      0                          
21101020260904006238465235459  001  660475  A  8750                      0                          
21101020260904006238465235459  002  660412  A  2625                      0                          
21101020260904006238465235459  003  660902  A  2625                      0                          
21101020260904006238465235459  004  660481  A  10500                     0                          
21101020260904006238465235459  005  660711  A  8750                      0                          
21101020260904006238465235459  006  660001  A  5250                      0                          
21101020260904006238465235459  007  660876  A  4375                      0                          
21101020260904006238465235459  008  660174  A  2625                      0                          
21101020260904006238465235459  009  660192  A  5250                      0                          
21101020260904006238465235459  010  661040  R  7875                      0                          
21101020260904006238465235459  011  660865  R  15750                     0                          
21101020260904006238465235459  012  660022  R  7000                      0                          
21101020260904030156738250716  001  660475  A  8750                      0                          
21101020260904030156738250716  002  660192  A  5250                      0                          
21101020260904030156738250716  003  660412  A  2625                      0                          
21101020260904030156738250716  004  660876  A  4375                      0                          
21101020260904030156738250716  005  660174  A  2625                      0                          
21101020260904030156738250716  006  661035  A  5250                      0                          
21101020260904030156738250716  007  660711  A  8750                      0                          
21101020260904030156738250716  008  660001  A  5250                      0                          
21101020260904030156738250716  009  661040  R  7875                      0                          
21101020260904055305492570546  001  660475  A  8750                      0                          
21101020260904055305492570546  002  660412  A  2625                      0                          
21101020260904055305492570546  003  660192  A  5250                      0                          
21101020260904055305492570546  004  660481  A  10500                     0                          
21101020260904055305492570546  005  660174  A  2625                      0                          
21101020260904055305492570546  006  661035  A  5250                      0                          
21101020260904055305492570546  007  660876  A  4375                      0                          
21101020260904055305492570546  008  660711  A  8750                      0                          
21101020260904055305492570546  009  660001  A  5250                      0                          
21101020260904055305492570546  010  660343  R  3500                      0                          
21101020260904055305492570546  011  660902  R  2625                      0                          
21101020260904055305492570546  012  661040  R  7875                      0                          
21101220260904057934734565500  001  660711  A  8750                      0                          
21101220260904057934734565500  002  660001  A  5250                      0                          
21101320260904017712462945369  001  660412  R  2625                      0                          
21101320260904017712462945369  002  661070  R  26250                     0                          
21101320260904017712462945369  003  660174  R  2625                      0                          
21101320260904017712462945369  004  661035  R  5250                      0                          
21101320260904017712462945369  005  661040  R  7875                      0                          
21101320260904017712462945369  006  660876  R  4375                      0                          
21101320260904017712462945369  007  660192  R  5250                      0                          
21101320260904017712462945369  008  660475  R  8750                      0                          
21101320260904017712462945369  009  660902  R  2625                      0                          
21101320260904017712462945369  010  660001  R  5250                      0                          
21102120260904017496170476704  001  660475  A  8750                      0                          
21102120260904017496170476704  002  660412  A  2625                      0                          
21102120260904017496170476704  003  660902  A  2625                      0                          
21102120260904017496170476704  004  660171  A  14000                     0                          
21102120260904017496170476704  005  660001  A  5250                      0                          
21102120260904017496170476704  006  660192  R  5250                      0                          
21102120260904017496170476704  007  660433  R  8750                      0                          
21102420260904030848369147082  001  660475  A  8750                      0                          
21102420260904030848369147082  002  660412  A  2625                      0                          
21102420260904030848369147082  003  660902  A  2625                      0                          
21102420260904030848369147082  004  660481  A  10500                     0                          
21102420260904030848369147082  005  660174  A  2625                      0                          
21102420260904030848369147082  006  660876  A  4375                      0                          
21102420260904030848369147082  007  660171  A  14000                     0                          
21102420260904030848369147082  008  660711  A  8750                      0                          
21102420260904030848369147082  009  660001  A  5250                      0                          
21102420260904030848369147082  010  660192  R  5250                      0                          
21102420260904030848369147082  011  660594  R  5250                      0                          
21102420260904030848369147082  012  661040  R  7875                      0                          
21102420260904030848369147082  013  661035  R  5250                      0                          
21102420260904030848369147082  014  660904  R  2625                      0                          
21102420260904030848369147082  015  660433  R  8750                      0                          
21102820260904007675944428638  001  660475  A  8750                      0                          
21102820260904007675944428638  002  660297  A  3500                      0                          
21102820260904007675944428638  003  660412  A  2625                      0                          
21102820260904007675944428638  004  660174  A  2625                      0                          
21102820260904007675944428638  005  660876  A  4375                      0                          
21102820260904007675944428638  006  660902  A  2625                      0                          
21102820260904007675944428638  007  660001  A  5250                      0                          
21102820260904007675944428638  008  660711  A  8750                      0                          
21102820260904007675944428638  009  661070  R  26250                     0                          
21102820260904007675944428638  010  660192  R  5250                      0                          
21102820260904014677709655896  001  660475  A  8750                      0                          
21102820260904014677709655896  002  660412  A  2625                      0                          
21102820260904014677709655896  003  660902  A  2625                      0                          
21102820260904014677709655896  004  660297  A  3500                      0                          
21102820260904014677709655896  005  660001  A  5250                      0                          
21102820260904014677709655896  006  660711  A  8750                      0                          
21102820260904014677709655896  007  660833  A  14000                     0                          
21102820260904014677709655896  008  661000  R  31500                     0                          
21102820260904024768038381714  001  660475  A  8750                      0                          
21102820260904024768038381714  002  660412  A  2625                      0                          
21102820260904024768038381714  003  660174  A  2625                      0                          
21102820260904024768038381714  004  661035  A  5250                      0                          
21102820260904024768038381714  005  660876  A  4375                      0                          
21102820260904024768038381714  006  660711  A  8750                      0                          
21102820260904024768038381714  007  660001  A  5250                      0                          
21102820260904024768038381714  008  660192  A  5250                      0                          
21102820260904024768038381714  009  661040  R  7875                      0                          
21102820260904024768038381714  010  660902  R  2625                      0                          
21102820260904026921842890223  001  660475  A  8750                      0                          
21102820260904026921842890223  002  660412  A  2625                      0                          
21102820260904026921842890223  003  660481  A  10500                     0                          
21102820260904026921842890223  004  660711  A  8750                      0                          
21102820260904026921842890223  005  660865  A  15750                     0                          
21102820260904026921842890223  006  660001  A  5250                      0                          
21102820260904026921842890223  007  660192  R  5250                      0                          
21102820260904026921842890223  008  661070  R  26250                     0                          
21102820260904026921842890223  009  669913  R  64750                     0                          
21102820260904027677049585586  001  660475  R  8750                      0                          
21102820260904027677049585586  002  660343  R  3500                      0                          
21102820260904027677049585586  003  660875  R  10500                     0                          
21102820260904027677049585586  004  665230  R  26250                     0                          
21102820260904027677049585586  005  660352  R  19250                     0                          
21102820260904027677049585586  006  660938  R  26250                     0                          
21102820260904027677049585586  007  660711  R  8750                      0                          
21102820260904027677049585586  008  660833  R  14000                     0                          
21102820260904027677049585586  009  660001  R  5250                      0                          
21102820260904031313407970133  001  669622  R  40250                     0                          
21102820260904031313407970133  002  664632  R  24500                     0                          
21102820260904031313407970133  003  660001  R  5250                      0                          
21104020260904018141667957753  001  660902  A  2625                      0                          
21104020260904018141667957753  002  660192  A  5250                      0                          
21104020260904018141667957753  003  660001  A  5250                      0                          
21104020260904025303863289070  001  660475  A  8750                      0                          
21104020260904025303863289070  002  660297  A  3500                      0                          
21104020260904025303863289070  003  660539  A  17500                     0                          
21104020260904025303863289070  004  660761  A  8750                      0                          
21104020260904025303863289070  005  660763  A  2625                      0                          
21104020260904025303863289070  006  660015  A  2625                      0                          
21104020260904025303863289070  007  660001  A  5250                      0                          
21104020260904025303863289070  008  660865  R  15750                     0                          
21104020260904025303863289070  009  660867  R  15750                     0                          
21104720260904017202214218403  001  660475  A  8750                      0                          
21104720260904017202214218403  002  660412  A  2625                      0                          
21104720260904017202214218403  003  660902  A  2625                      0                          
21104720260904017202214218403  004  660174  A  2625                      0                          
21104720260904017202214218403  005  661035  A  5250                      0                          
21104720260904017202214218403  006  660876  A  4375                      0                          
21104720260904017202214218403  007  660001  A  5250                      0                          
21104720260904017202214218403  008  660481  A  10500                     0                          
21104720260904017202214218403  009  660904  A  2625                      0                          
21104720260904017202214218403  010  660420  A  4375                      0                          
21104720260904017202214218403  011  660771  A  5250                      0                          
21104720260904017202214218403  012  660192  R  5250                      0                          
21104720260904017202214218403  013  660761  R  8750                      0                          
21104720260904017202214218403  014  660887  R  5250                      0                          
21104720260904017202214218403  015  661040  R  7875                      0                          
21104720260904017202214218403  016  660764  R  21000                     0                          
21104720260904017202214218403  017  665230  R  26250                     0                          
21104720260904017202214218403  018  661070  R  26250                     0                          
21104920260904013644253686185  001  660412  A  2625                      0                          
21104920260904013644253686185  002  661070  A  26250                     0                          
21104920260904013644253686185  003  660001  A  5250                      0                          
21106020260904036541107930879  001  660481  R  10500                     0                          
21106020260904036541107930879  002  660001  R  5250                      0                          
21106520260904004502848437733  001  660192  R  5250                      0                          
21106520260904004502848437733  002  660481  R  10500                     0                          
21106520260904004502848437733  003  660174  R  2625                      0                          
21106520260904004502848437733  004  661035  R  5250                      0                          
21106520260904004502848437733  005  661040  R  7875                      0                          
21106520260904004502848437733  006  660001  R  5250                      0                          
21106520260904005614551364577  001  660475  A  8750                      0                          
21106520260904005614551364577  002  660412  A  2625                      0                          
21106520260904005614551364577  003  660902  A  2625                      0                          
21106520260904005614551364577  004  660174  A  2625                      0                          
21106520260904005614551364577  005  660876  A  4375                      0                          
21106520260904005614551364577  006  660763  A  2625                      0                          
21106520260904005614551364577  007  660133  A  2625                      0                          
21106520260904005614551364577  008  660001  A  5250                      0                          
21106520260904005614551364577  009  661040  R  7875                      0                          
21106520260904005614551364577  010  660711  R  8750                      0                          
21106520260904024194639523301  001  660412  A  2625                      0                          
21106520260904024194639523301  002  661070  A  26250                     0                          
21106520260904024194639523301  003  660001  A  5250                      0                          
21106520260904026396643170614  001  660412  A  2625                      0                          
21106520260904026396643170614  002  661070  A  26250                     0                          
21106520260904026396643170614  003  660001  A  5250                      0                          
21106520260904037211879063976  001  660475  A  8750                      0                          
21106520260904037211879063976  002  660412  A  2625                      0                          
21106520260904037211879063976  003  660902  A  2625                      0                          
21106520260904037211879063976  004  660933  A  7000                      0                          
21106520260904037211879063976  005  660063  A  19250                     0                          
21106520260904037211879063976  006  661086  A  21000                     0                          
21106520260904037211879063976  007  660433  A  8750                      0                          
21106520260904037211879063976  008  660001  A  5250                      0                          
21106520260904037211879063976  009  660711  A  8750                      0                          
21106520260904037211879063976  010  660242  A  5250                      0                          
21106520260904037211879063976  011  660870  A  7000                      0                          
21106520260904037211879063976  012  661095  R  35000                     0                          
21106520260904037211879063976  013  660494  R  3500                      0                          
21106520260904037211879063976  014  660622  R  15750                     0                          
21106520260904037211879063976  015  660911  R  35000                     0                          
21107020260904042331623727199  001  660475  A  8750                      0                          
21107020260904042331623727199  002  660412  A  2625                      0                          
21107020260904042331623727199  003  660902  A  2625                      0                          
21107020260904042331623727199  004  660192  A  5250                      0                          
21107020260904042331623727199  005  660711  A  8750                      0                          
21107020260904042331623727199  006  660001  A  5250                      0                          
21107020260904042331623727199  007  660546  A  6125                      0                          
21107020260904042331623727199  008  660904  R  2625                      0                          
21107020260904042331623727199  009  660174  R  2625                      0                          
21107020260904042331623727199  010  660876  R  4375                      0                          
21107820260904005657595538694  001  660902  A  2625                      0                          
21107820260904005657595538694  002  660192  A  5250                      0                          
21107820260904005657595538694  003  660144  A  21875                     0                          
21107820260904005657595538694  004  660475  R  8750                      0                          
21107820260904005657595538694  005  660873  R  2625                      0                          
21107820260904005657595538694  006  660874  R  2625                      0                          
21107820260904005657595538694  007  660357  R  2625                      0                          
21107820260904005657595538694  008  660420  R  4375                      0                          
21107820260904005657595538694  009  660412  R  2625                      0                          
21107820260904005657595538694  010  660174  R  2625                      0                          
21107820260904005657595538694  011  660876  R  4375                      0                          
21107820260904005657595538694  012  660711  R  8750                      0                          
21107820260904005657595538694  013  660546  R  6125                      0                          
21107820260904005657595538694  014  660133  R  2625                      0                          
21107820260904005657595538694  015  660362  R  2625                      0                          
21107820260904005657595538694  016  660193  R  8750                      0                          
21107820260904005657595538694  017  660767  R  2625                      0                          
21107820260904005657595538694  018  661130  R  21875                     0                          
21107820260904005657595538694  019  660739  R  23625                     0                          
21107820260904005657595538694  020  660001  R  5250                      0                          
21107820260904005944813609029  001  660475  A  8750                      0                          
21107820260904005944813609029  002  660412  A  2625                      0                          
21107820260904005944813609029  003  660902  A  2625                      0                          
21107820260904005944813609029  004  660297  A  3500                      0                          
21107820260904005944813609029  005  660174  A  2625                      0                          
21107820260904005944813609029  006  661035  A  5250                      0                          
21107820260904005944813609029  007  660876  A  4375                      0                          
21107820260904005944813609029  008  660865  A  15750                     0                          
21107820260904005944813609029  009  660711  A  8750                      0                          
21107820260904005944813609029  010  660001  A  5250                      0                          
21107820260904005944813609029  011  660192  R  5250                      0                          
21107820260904005944813609029  012  660481  R  10500                     0                          
21107820260904005944813609029  013  661040  R  7875                      0                          
21107820260904005944813609029  014  660904  R  2625                      0                          
21107820260904005944813609029  015  660867  R  15750                     0                          
21107820260904014443695458978  001  660475  A  8750                      0                          
21107820260904014443695458978  002  660412  A  2625                      0                          
21107820260904014443695458978  003  660902  A  2625                      0                          
21107820260904014443695458978  004  660192  A  5250                      0                          
21107820260904014443695458978  005  660481  A  10500                     0                          
21107820260904014443695458978  006  660711  A  8750                      0                          
21107820260904014443695458978  007  660001  A  5250                      0                          
21107820260904014443695458978  008  660297  A  3500                      0                          
21107820260904014443695458978  009  660022  A  7000                      0                          
21107820260904014443695458978  010  660174  R  2625                      0                          
21107820260904014443695458978  011  661035  R  5250                      0                          
21107820260904014443695458978  012  660876  R  4375                      0                          
21107820260904014443695458978  013  660904  R  2625                      0                          
21107820260904035454231207698  001  660475  A  8750                      0                          
21107820260904035454231207698  002  660412  A  2625                      0                          
21107820260904035454231207698  003  660902  A  2625                      0                          
21107820260904035454231207698  004  660171  A  14000                     0                          
21107820260904035454231207698  005  660001  A  5250                      0                          
21107820260904035454231207698  006  660192  R  5250                      0                          
21107820260904048255511537338  001  660475  A  8750                      0                          
21107820260904048255511537338  002  660933  A  7000                      0                          
21107820260904048255511537338  003  660001  A  5250                      0                          
21107820260904048255511537338  004  660063  A  19250                     0                          
21107820260904048255511537338  005  661086  R  21000                     0                          
21107820260904048255511537338  006  661095  R  35000                     0                          
21107820260904048255511537338  007  660371  R  14000                     0                          
21107820260904048255511537338  008  660412  R  2625                      0                          
21108120260904020223910512663  001  660475  A  8750                      0                          
21108120260904020223910512663  002  660412  A  2625                      0                          
21108120260904020223910512663  003  660297  A  3500                      0                          
21108120260904020223910512663  004  660902  A  2625                      0                          
21108120260904020223910512663  005  660192  A  5250                      0                          
21108120260904020223910512663  006  660174  A  2625                      0                          
21108120260904020223910512663  007  660865  A  15750                     0                          
21108120260904020223910512663  008  660876  A  4375                      0                          
21108120260904020223910512663  009  660711  A  8750                      0                          
21108120260904020223910512663  010  660001  A  5250                      0                          
21108120260904020223910512663  011  661000  R  31500                     0                          
21108120260904020223910512663  012  661035  R  5250                      0                          
21108120260904020223910512663  013  661040  R  7875                      0                          
21108120260904020223910512663  014  660343  R  3500                      0                          
21108120260904020223910512663  015  660481  R  10500                     0                          
21108120260904020223910512663  016  660904  R  2625                      0                          
21108120260904034746121545834  001  660911  A  35000                     0                          
21108120260904034746121545834  002  660001  A  5250                      0                          
21108120260904039568595556582  001  660475  A  8750                      0                          
21108120260904039568595556582  002  660412  A  2625                      0                          
21108120260904039568595556582  003  660902  A  2625                      0                          
21108120260904039568595556582  004  660933  A  7000                      0                          
21108120260904039568595556582  005  660063  A  19250                     0                          
21108120260904039568595556582  006  661086  A  21000                     0                          
21108120260904039568595556582  007  660870  A  7000                      0                          
21108120260904039568595556582  008  660001  A  5250                      0                          
21108120260904039568595556582  009  660433  A  8750                      0                          
21108120260904039568595556582  010  660242  A  5250                      0                          
21108120260904039568595556582  011  660711  A  8750                      0                          
21108120260904039568595556582  012  660192  R  5250                      0                          
21108120260904039568595556582  013  660911  R  35000                     0                          
21108120260904039568595556582  014  660865  R  15750                     0                          
21108320260904039949318900742  001  660865  R  15750                     0                          
21108320260904039949318900742  002  660876  R  4375                      0                          
21108320260904039949318900742  003  660546  R  6125                      0                          
21108320260904039949318900742  004  660174  R  2625                      0                          
21108320260904039949318900742  005  660001  R  5250                      0                          
21108820260904010437942730870  001  660865  A  15750                     0                          
21108820260904010437942730870  002  660001  A  5250                      0                          
21108820260904013116177675596  001  660475  R  8750                      0                          
21108820260904013116177675596  002  660297  R  3500                      0                          
21108820260904013116177675596  003  660412  R  2625                      0                          
21108820260904013116177675596  004  660902  R  2625                      0                          
21108820260904013116177675596  005  660481  R  10500                     0                          
21108820260904013116177675596  006  661000  R  31500                     0                          
21108820260904013116177675596  007  660711  R  8750                      0                          
21108820260904013116177675596  008  660911  R  35000                     0                          
21108820260904013116177675596  009  660001  R  5250                      0                          
21108820260904041341727697815  001  660475  A  8750                      0                          
21108820260904041341727697815  002  660412  A  2625                      0                          
21108820260904041341727697815  003  660297  A  3500                      0                          
21108820260904041341727697815  004  660481  A  10500                     0                          
21108820260904041341727697815  005  660192  A  5250                      0                          
21108820260904041341727697815  006  660001  A  5250                      0                          
21108820260904041341727697815  007  660546  R  6125                      0                          
21108820260904041341727697815  008  660022  R  7000                      0                          
21108820260904041341727697815  009  660902  R  2625                      0                          
21108820260904070006681426510  001  660475  A  8750                      0                          
21108820260904070006681426510  002  660412  A  2625                      0                          
21108820260904070006681426510  003  660192  A  5250                      0                          
21108820260904070006681426510  004  660481  A  10500                     0                          
21108820260904070006681426510  005  660133  A  2625                      0                          
21108820260904070006681426510  006  660001  A  5250                      0                          
21108820260904070006681426510  007  660362  A  2625                      0                          
21108820260904070006681426510  008  660546  A  6125                      0                          
21108820260904070006681426510  009  660343  A  3500                      0                          
21108820260904070006681426510  010  660653  A  4375                      0                          
21108820260904070006681426510  011  660420  A  4375                      0                          
21108820260904070006681426510  012  660902  R  2625                      0                          
21108820260904070006681426510  013  665230  R  26250                     0                          
21108820260904070006681426510  014  660174  R  2625                      0                          
21108820260904070006681426510  015  661035  R  5250                      0                          
21108820260904070006681426510  016  661040  R  7875                      0                          
21108820260904070006681426510  017  669913  R  64750                     0                          
21108820260904070006681426510  018  660937  R  64750                     0                          
21108820260904070006681426510  019  660982  R  26250                     0                          
21108820260904070006681426510  020  660876  R  4375                      0                          
21109020260904016311625173606  001  660475  R  8750                      0                          
21109020260904016311625173606  002  660902  R  2625                      0                          
21109020260904016311625173606  003  660192  R  5250                      0                          
21109020260904016311625173606  004  660546  R  6125                      0                          
21109020260904016311625173606  005  660133  R  2625                      0                          
21109020260904016311625173606  006  660001  R  5250                      0                          
21109020260904017112173456768  001  660001  A  5250                      0                          
21109020260904017112173456768  002  660105  A  15750                     0                          
21109020260904017112173456768  003  660711  A  8750                      0                          
21109020260904028819340558902  001  660370  A  17500                     0                          
21109020260904028819340558902  002  660711  A  8750                      0                          
21109020260904028819340558902  003  660475  A  8750                      0                          
21109020260904028819340558902  004  660001  A  5250                      0                          
21109020260904028819340558902  005  660612  A  17500                     0                          
21109020260904028819340558902  006  660133  A  2625                      0                          
21109020260904028819340558902  007  660192  R  5250                      0                          
21109020260904028819340558902  008  660481  R  10500                     0                          
21109020260904028819340558902  009  661035  R  5250                      0                          
21109020260904028819340558902  010  661040  R  7875                      0                          
21109020260904028819340558902  011  660262  R  19250                     0                          
21109020260904028819340558902  012  660412  R  2625                      0                          
21109020260904028819340558902  013  660902  R  2625                      0                          
21109020260904028819340558902  014  660904  R  2625                      0                          
21109020260904028819340558902  015  660174  R  2625                      0                          
21109020260904028819340558902  016  660876  R  4375                      0                          
21109020260904028819340558902  017  660362  R  2625                      0                          
21109020260904030787168886725  001  660876  A  4375                      0                          
21109020260904030787168886725  002  660865  A  15750                     0                          
21109020260904030787168886725  003  660001  A  5250                      0                          
21109020260904030787168886725  004  660475  A  8750                      0                          
21109020260904030787168886725  005  660174  A  2625                      0                          
21109020260904030787168886725  006  660412  R  2625                      0                          
21109020260904030787168886725  007  660904  R  2625                      0                          
21109020260904030787168886725  008  660902  R  2625                      0                          
21109020260904030787168886725  009  660192  R  5250                      0                          
21109020260904030787168886725  010  660711  R  8750                      0                          
21109220260904054026393656377  001  660475  A  8750                      0                          
21109220260904054026393656377  002  660297  A  3500                      0                          
21109220260904054026393656377  003  660412  A  2625                      0                          
21109220260904054026393656377  004  660902  A  2625                      0                          
21109220260904054026393656377  005  660174  A  2625                      0                          
21109220260904054026393656377  006  660876  A  4375                      0                          
21109220260904054026393656377  007  660865  A  15750                     0                          
21109220260904054026393656377  008  660001  A  5250                      0                          
21109220260904054026393656377  009  660711  A  8750                      0                          
21109220260904054026393656377  010  660133  A  2625                      0                          
21109220260904054026393656377  011  660481  A  10500                     0                          
21109220260904054026393656377  012  661035  R  5250                      0                          
21109220260904054026393656377  013  661040  R  7875                      0                          
21109220260904054026393656377  014  660343  R  3500                      0                          
21109220260904054026393656377  015  660738  R  7000                      0                          
21109220260904054026393656377  016  669913  R  64750                     0                          
21109220260904054026393656377  017  660537  R  8750                      0                          
21109220260904054026393656377  018  669622  R  40250                     0                          
21109420260904059373036804886  001  660001  A  5250                      0                          
21109420260904059373036804886  002  660105  A  15750                     0                          
21109420260904059373036804886  003  660711  A  8750                      0                          
21109120260904026244074120152  001  660475  A  5304                      6150                       
21109120260904026244074120152  002  660746  A  1768                      2050                       
21109120260904026244074120152  003  660412  A  2652                      3075                       
21109120260904026244074120152  004  660902  A  2652                      3075                       
21109120260904026244074120152  005  660192  A  3536                      4100                       
21109120260904026244074120152  006  660174  A  2652                      3075                       
21109120260904026244074120152  007  660876  A  4420                      5125                       
21109120260904026244074120152  008  660711  A  5304                      6150                       
21109120260904026244074120152  009  660865  A  15912                     18450                      
21109120260904026244074120152  010  660612  A  17680                     20500                      
21109120260904026244074120152  011  660370  A  17680                     20500                      
21109120260904026244074120152  012  660300  A  17680                     20500                      
21109120260904026244074120152  013  660063  A  19448                     22550                      
21109120260904026244074120152  014  660933  A  7072                      8200                       
21109120260904026244074120152  015  660001  A  5304                      6150                       
21109120260904031249285813832  001  660475  A  5304                      6150                       
21109120260904031249285813832  002  660412  A  2652                      3075                       
21109120260904031249285813832  003  660902  A  2652                      3075                       
21109120260904031249285813832  004  660192  A  3536                      4100                       
21109120260904031249285813832  005  660174  A  2652                      3075                       
21109120260904031249285813832  006  660876  A  4420                      5125                       
21109120260904031249285813832  007  660904  A  2652                      3075                       
21109120260904031249285813832  008  660481  A  10608                     12300                      
21109120260904031249285813832  009  660865  A  15912                     18450                      
21109120260904031249285813832  010  660867  A  15912                     18450                      
21109120260904031249285813832  011  661070  A  26520                     30750                      
21109120260904031249285813832  012  661130  A  22100                     25625                      
21109120260904031249285813832  013  660767  A  2652                      3075                       
21109120260904031249285813832  014  660193  A  8840                      10250                      
21109120260904031249285813832  015  660546  A  6188                      7175                       
21109120260904031249285813832  016  660001  A  5304                      6150                       
21100620260904081000018506669  001  660475  A  4134                      6150                       
21100620260904081000018506669  002  660297  A  1378                      2050                       
21100620260904081000018506669  003  660192  A  2756                      4100                       
21100620260904081000018506669  004  660865  A  12402                     18450                      
21100620260904081000018506669  005  660174  A  2067                      3075                       
21100620260904081000018506669  006  661035  A  4134                      6150                       
21100620260904081000018506669  007  661040  A  5512                      8200                       
21100620260904081000018506669  008  660876  A  3445                      5125                       
21100620260904081000018506669  009  660481  A  8268                      12300                      
21100620260904081000018506669  010  661000  A  24804                     36900                      
21100620260904081000018506669  011  660711  A  4134                      6150                       
21100620260904081000018506669  012  660001  A  4134                      6150                       
21109120260904956100015515902  001  660475  A  4134                      6150                       
21109120260904956100015515902  002  660171  A  8268                      12300                      
21109120260904956100015515902  003  660772  A  5512                      8200                       
21109120260904956100015515902  004  660001  A  4134                      6150                       
21108120260904026159691234228  001  660475  A  4350                      6150                       
21108120260904026159691234228  002  660412  A  2175                      3075                       
21108120260904026159691234228  003  660902  A  2175                      3075                       
21108120260904026159691234228  004  660192  A  2900                      4100                       
21108120260904026159691234228  005  660481  A  8700                      12300                      
21108120260904026159691234228  006  660174  A  2175                      3075                       
21108120260904026159691234228  007  660876  A  3625                      5125                       
21108120260904026159691234228  008  661040  A  5800                      8200                       
21108120260904026159691234228  009  661035  A  4350                      6150                       
21108120260904026159691234228  010  661070  A  21750                     30750                      
21108120260904026159691234228  011  660711  A  4350                      6150                       
21108120260904026159691234228  012  660865  A  13050                     18450                      
21108120260904026159691234228  013  660867  A  13050                     18450                      
21108120260904026159691234228  014  660761  A  7250                      10250                      
21108120260904026159691234228  015  660297  A  1450                      2050                       
21108120260904026159691234228  016  660736  A  5800                      8200                       
21108120260904026159691234228  017  660409  A  1450                      2050                       
21108120260904026159691234228  018  660187  A  14500                     20500                      
21108120260904026159691234228  019  660001  A  4350                      6150                       
21107820260904033916186355366  001  660475  A  5100                      6300                       
21107820260904033916186355366  002  660746  A  1700                      2100                       
21107820260904033916186355366  003  660001  A  5100                      6300                       
21104920260904031541725429408  001  660475  A  4200                      6150                       
21104920260904031541725429408  002  660171  A  8400                      12300                      
21104920260904031541725429408  003  660746  A  1400                      2050                       
21104920260904031541725429408  004  660412  A  2100                      3075                       
21104920260904031541725429408  005  660902  A  2100                      3075                       
21104920260904031541725429408  006  660192  A  2800                      4100                       
21104920260904031541725429408  007  660481  A  8400                      12300                      
21104920260904031541725429408  008  660543  A  15400                     22550                      
21104920260904031541725429408  009  660865  A  12600                     18450                      
21104920260904031541725429408  010  660867  A  12600                     18450                      
21104920260904031541725429408  011  660001  A  4200                      6150                       
21107820260904040364620055347  001  660475  A  4200                      6150                       
21107820260904040364620055347  002  660412  A  2100                      3075                       
21107820260904040364620055347  003  660902  A  2100                      3075                       
21107820260904040364620055347  004  660546  A  4900                      7175                       
21107820260904040364620055347  005  660171  A  8400                      12300                      
21107820260904040364620055347  006  660001  A  4200                      6150                       
21108120260904018664557298105  001  660475  A  4200                      6150                       
21108120260904018664557298105  002  660481  A  8400                      12300                      
21108120260904018664557298105  003  669913  A  51800                     75850                      
21108120260904018664557298105  004  660762  A  9800                      14350                      
21108120260904018664557298105  005  660133  A  2100                      3075                       
21108120260904018664557298105  006  660297  A  1400                      2050                       
21108120260904018664557298105  007  660598  A  7000                      10250                      
21108120260904018664557298105  008  660001  A  4200                      6150                       
21108120260904018664557397597  001  660412  A  2100                      3075                       
21108120260904018664557397597  002  660192  A  2800                      4100                       
21108120260904018664557397597  003  660174  A  2100                      3075                       
21108120260904018664557397597  004  661035  A  4200                      6150                       
21108120260904018664557397597  005  660876  A  3500                      5125                       
21108120260904018664557397597  006  660865  A  12600                     18450                      
21108120260904018664557397597  007  660001  A  4200                      6150                       
21108120260904024060436389266  001  660475  A  4200                      6150                       
21108120260904024060436389266  002  660297  A  1400                      2050                       
21108120260904024060436389266  003  660412  A  2100                      3075                       
21108120260904024060436389266  004  661070  A  21000                     30750                      
21108120260904024060436389266  005  660902  A  2100                      3075                       
21108120260904024060436389266  006  660481  A  8400                      12300                      
21108120260904024060436389266  007  660174  A  2100                      3075                       
21108120260904024060436389266  008  661035  A  4200                      6150                       
21108120260904024060436389266  009  660876  A  3500                      5125                       
21108120260904024060436389266  010  660865  A  12600                     18450                      
21108120260904024060436389266  011  660711  A  4200                      6150                       
21108120260904024060436389266  012  660001  A  4200                      6150                       
21108120260904024726978022585  001  660475  A  4200                      6150                       
21108120260904024726978022585  002  660005  A  21000                     30750                      
21108120260904024726978022585  003  660546  A  4900                      7175                       
21108120260904024726978022585  004  660902  A  2100                      3075                       
21108120260904024726978022585  005  660192  A  2800                      4100                       
21108120260904024726978022585  006  660412  A  2100                      3075                       
21108120260904024726978022585  007  660481  A  8400                      12300                      
21108120260904024726978022585  008  660171  A  8400                      12300                      
21108120260904024726978022585  009  660001  A  4200                      6150                       
21108120260904053619295825004  001  660475  A  4200                      6150                       
21108120260904053619295825004  002  660343  A  2800                      4100                       
21108120260904053619295825004  003  660902  A  2100                      3075                       
21108120260904053619295825004  004  660192  A  2800                      4100                       
21108120260904053619295825004  005  660481  A  8400                      12300                      
21108120260904053619295825004  006  660022  A  5600                      8200                       
21108120260904053619295825004  007  660412  A  2100                      3075                       
21108120260904053619295825004  008  660865  A  12600                     18450                      
21108120260904053619295825004  009  660866  A  12600                     18450                      
21108120260904053619295825004  010  660537  A  7000                      10250                      
21108120260904053619295825004  011  660736  A  5600                      8200                       
21108120260904053619295825004  012  660911  A  21000                     30750                      
21108120260904053619295825004  013  660001  A  4200                      6150                       
21101020260904039125024358755  001  660046  A  15694.8                   20500                      
21101020260904039125024358755  002  660001  A  4708.44                   6150                       
21108820260904024088219226433  001  660133  A  1560                      3075                       
21108820260904024088219226433  002  660001  A  3120                      6150                       
21109120260904031706733105535  001  660187  A  10400                     20500                      
21109120260904031706733105535  002  660736  A  4160                      8200                       
21109120260904031706733105535  003  660001  A  3120                      6150                       
21109120260904037404551677980  001  660475  A  2985                      6150                       
21109120260904037404551677980  002  660413  A  4477.5                    9225                       
21109120260904037404551677980  003  660902  A  1492.5                    3075                       
21109120260904037404551677980  004  660481  A  5970                      12300                      
21109120260904037404551677980  005  660711  A  2985                      6150                       
21109120260904037404551677980  006  660063  A  10945                     22550                      
21109120260904037404551677980  007  661086  A  11940                     24600                      
21109120260904037404551677980  008  660933  A  3980                      8200                       
21109120260904037404551677980  009  669571  A  9950                      20500                      
21109120260904037404551677980  010  660245  A  10945                     22550                      
21109120260904037404551677980  011  660171  A  5970                      12300                      
21109120260904037404551677980  012  660001  A  2985                      6150                       
21104920260904042924857273556  001  660711  A  5109                      6150                       
21104920260904042924857273556  002  660911  A  25545                     30750                      
21104920260904042924857273556  003  660001  A  5109                      6150                       
21100620260904291737302165053  001  669913  A  57979                     77700                      
21100620260904291737302165053  002  660739  A  21154.5                   28350                      
21100620260904291737302165053  003  660133  A  2350.5                    3150                       
21100620260904291737302165053  004  660136  A  3134                      4200                       
21100620260904291737302165053  005  660192  A  3134                      4200                       
21100620260904291737302165053  006  660362  A  2350.5                    3150                       
21100620260904291737302165053  007  660357  A  2350.5                    3150                       
21100620260904291737302165053  008  660001  A  4701                      6300                       
21100620260904292518002200422  001  660309  A  7835                      10500                      
21100620260904292518002200422  002  660105  A  10969                     14700                      
21100620260904292518002200422  003  660105  A  10969                     14700                      
21100620260904292518002200422  004  660035  A  9402                      12600                      
21100620260904292518002200422  005  660035  A  9402                      12600                      
21100620260904292518002200422  006  660035  A  9402                      12600                      
21100620260904292518002200422  007  660001  A  4701                      6300                       
21103320260904953074101255813  001  660475  A  4701                      6300                       
21103320260904953074101255813  002  660343  A  3134                      4200                       
21103320260904953074101255813  003  665230  A  23505                     31500                      
21103320260904953074101255813  004  660001  A  4701                      6300                       
21104720260904354542101649608  001  660475  A  4701                      6300                       
21104720260904354542101649608  002  660297  A  1567                      2100                       
21104720260904354542101649608  003  660902  A  2350.5                    3150                       
21104720260904354542101649608  004  660192  A  3134                      4200                       
21104720260904354542101649608  005  660174  A  2350.5                    3150                       
21104720260904354542101649608  006  660876  A  3917.5                    5250                       
21104720260904354542101649608  007  661035  A  4701                      6300                       
21104720260904354542101649608  008  661040  A  6268                      8400                       
21104720260904354542101649608  009  660133  A  2350.5                    3150                       
21104720260904354542101649608  010  660653  A  3917.5                    5250                       
21104720260904354542101649608  011  660865  A  14103                     18900                      
21104720260904354542101649608  012  660867  A  14103                     18900                      
21104720260904354542101649608  013  669661  A  15670                     21000                      
21104720260904354542101649608  014  669913  A  57979                     77700                      
21104720260904354542101649608  015  660938  A  23505                     31500                      
21104720260904354542101649608  016  660189  A  15670                     21000                      
21104720260904354542101649608  017  660812  A  28206                     37800                      
21104720260904354542101649608  018  660019  A  23505                     31500                      
21104720260904354542101649608  019  664008  A  18804                     25200                      
21104720260904354542101649608  020  660662  A  39175                     52500                      
21104720260904354542101649608  021  660546  A  5484.5                    7350                       
21104720260904354542101649608  022  662810  A  17237                     23100                      
21104720260904354542101649608  023  662811  A  17237                     23100                      
21104720260904354542101649608  024  667187  A  31340                     42000                      
21104720260904354542101649608  025  660001  A  4701                      6300                       
21104720260904516817702340980  001  660475  A  4701                      6300                       
21104720260904516817702340980  002  660412  A  2350.5                    3150                       
21104720260904516817702340980  003  660174  A  2350.5                    3150                       
21104720260904516817702340980  004  661035  A  4701                      6300                       
21104720260904516817702340980  005  660876  A  3917.5                    5250                       
21104720260904516817702340980  006  660343  A  3134                      4200                       
21104720260904516817702340980  007  660001  A  4701                      6300                       
21108320260904456319301130700  001  660475  A  4701                      6300                       
21108320260904456319301130700  002  660412  A  2350.5                    3150                       
21108320260904456319301130700  003  660902  A  2350.5                    3150                       
21108320260904456319301130700  004  660192  A  3134                      4200                       
21108320260904456319301130700  005  660546  A  5484.5                    7350                       
21108320260904456319301130700  006  660911  A  23505                     31500                      
21108320260904456319301130700  007  660174  A  2350.5                    3150                       
21108320260904456319301130700  008  661035  A  4701                      6300                       
21108320260904456319301130700  009  661040  A  6268                      8400                       
21108320260904456319301130700  010  660876  A  3917.5                    5250                       
21108320260904456319301130700  011  660481  A  9402                      12600                      
21108320260904456319301130700  012  660133  A  2350.5                    3150                       
21108320260904456319301130700  013  669913  R  57979                     77700                      
21108320260904456319301130700  014  660904  A  2350.5                    3150                       
21108320260904456319301130700  015  660764  A  7835                      10500                      
21108320260904456319301130700  016  662734  R  56412                     75600                      
21108320260904456319301130700  017  660863  A  17237                     23100                      
21108320260904456319301130700  018  660001  A  4701                      6300                       
21108320260904456319301266311  001  660475  A  4701                      6300                       
21108320260904456319301266311  002  660412  A  2350.5                    3150                       
21108320260904456319301266311  003  660902  A  2350.5                    3150                       
21108320260904456319301266311  004  660192  A  3134                      4200                       
21108320260904456319301266311  005  660546  A  5484.5                    7350                       
21108320260904456319301266311  006  660911  A  23505                     31500                      
21108320260904456319301266311  007  660174  A  2350.5                    3150                       
21108320260904456319301266311  008  661035  A  4701                      6300                       
21108320260904456319301266311  009  661040  A  6268                      8400                       
21108320260904456319301266311  010  660876  A  3917.5                    5250                       
21108320260904456319301266311  011  660481  A  9402                      12600                      
21108320260904456319301266311  012  660764  A  7835                      10500                      
21108320260904456319301266311  013  661000  A  28206                     37800                      
21108320260904456319301266311  014  660863  A  17237                     23100                      
21108320260904456319301266311  015  660133  A  2350.5                    3150                       
21108320260904456319301266311  016  660904  A  2350.5                    3150                       
21108320260904456319301266311  017  660001  A  4701                      6300                       
21108320260904776609801368686  001  660475  A  4701                      6300                       
21108320260904776609801368686  002  660297  A  1567                      2100                       
21108320260904776609801368686  003  660412  A  2350.5                    3150                       
21108320260904776609801368686  004  660543  A  17237                     23100                      
21108320260904776609801368686  005  660174  A  2350.5                    3150                       
21108320260904776609801368686  006  661035  A  4701                      6300                       
21108320260904776609801368686  007  661040  A  6268                      8400                       
21108320260904776609801368686  008  660876  A  3917.5                    5250                       
21108320260904776609801368686  009  669913  A  57979                     77700                      
21108320260904776609801368686  010  660192  A  3134                      4200                       
21108320260904776609801368686  011  666452  A  47010                     63000                      
21108320260904776609801368686  012  660189  A  15670                     21000                      
21108320260904776609801368686  013  660060  R  47010                     63000                      
21108320260904776609801368686  014  669913  A  57979                     77700                      
21108320260904776609801368686  015  660865  A  14103                     18900                      
21108320260904776609801368686  016  660653  A  3917.5                    5250                       
21108320260904776609801368686  017  660133  A  2350.5                    3150                       
21108320260904776609801368686  018  660867  A  14103                     18900                      
21108320260904776609801368686  019  660300  A  15670                     21000                      
21108320260904776609801368686  020  660758  A  17237                     23100                      
21108320260904776609801368686  021  660370  A  15670                     21000                      
21108320260904776609801368686  022  660343  A  3134                      4200                       
21108320260904776609801368686  023  660711  A  4701                      6300                       
21108320260904776609801368686  024  660001  A  4701                      6300                       
21108320260904776609801556400  001  660475  A  4701                      6300                       
21108320260904776609801556400  002  660297  A  1567                      2100                       
21108320260904776609801556400  003  660412  A  2350.5                    3150                       
21108320260904776609801556400  004  660543  A  17237                     23100                      
21108320260904776609801556400  005  660174  A  2350.5                    3150                       
21108320260904776609801556400  006  661035  A  4701                      6300                       
21108320260904776609801556400  007  661040  A  6268                      8400                       
21108320260904776609801556400  008  660876  A  3917.5                    5250                       
21108320260904776609801556400  009  669913  R  57979                     77700                      
21108320260904776609801556400  010  660192  A  3134                      4200                       
21108320260904776609801556400  011  666452  A  47010                     63000                      
21108320260904776609801556400  012  660189  A  15670                     21000                      
21108320260904776609801556400  013  660865  A  14103                     18900                      
21108320260904776609801556400  014  660653  A  3917.5                    5250                       
21108320260904776609801556400  015  660133  A  2350.5                    3150                       
21108320260904776609801556400  016  660867  A  14103                     18900                      
21108320260904776609801556400  017  660300  A  15670                     21000                      
21108320260904776609801556400  018  660758  A  17237                     23100                      
21108320260904776609801556400  019  660370  A  15670                     21000                      
21108320260904776609801556400  020  665230  A  23505                     31500                      
21108320260904776609801556400  021  660711  A  4701                      6300                       
21108320260904776609801556400  022  660001  A  4701                      6300                       
21101020260904714929318093558  001  660475  A  4227                      6300                       
21101020260904714929318093558  002  660412  A  2113.5                    3150                       
21101020260904714929318093558  003  660902  A  2113.5                    3150                       
21101020260904714929318093558  004  660192  A  2818                      4200                       
21101020260904714929318093558  005  660546  A  4931.5                    7350                       
21101020260904714929318093558  006  660711  A  4227                      6300                       
21101020260904714929318093558  007  660174  A  2113.5                    3150                       
21101020260904714929318093558  008  661035  A  4227                      6300                       
21101020260904714929318093558  009  661040  A  5636                      8400                       
21101020260904714929318093558  010  660876  A  3522.5                    5250                       
21101020260904714929318093558  011  660481  A  8454                      12600                      
21101020260904714929318093558  012  660904  A  2113.5                    3150                       
21101020260904714929318093558  013  661000  A  25362                     37800                      
21101020260904714929318093558  014  662811  A  15499                     23100                      
21101020260904714929318093558  015  660865  A  12681                     18900                      
21101020260904714929318093558  016  668623  A  16908                     25200                      
21101020260904714929318093558  017  660001  A  4227                      6300                       
21101220260904985713093854692  001  660475  A  4227                      6300                       
21101220260904985713093854692  002  660412  A  2113.5                    3150                       
21101220260904985713093854692  003  660174  A  2113.5                    3150                       
21101220260904985713093854692  004  660876  A  3522.5                    5250                       
21101220260904985713093854692  005  660904  A  2113.5                    3150                       
21101220260904985713093854692  006  660902  A  2113.5                    3150                       
21101220260904985713093854692  007  660192  A  2818                      4200                       
21101220260904985713093854692  008  660481  A  8454                      12600                      
21101220260904985713093854692  009  661035  A  4227                      6300                       
21101220260904985713093854692  010  661040  A  5636                      8400                       
21101220260904985713093854692  011  661070  A  21135                     31500                      
21101220260904985713093854692  012  660001  A  4227                      6300                       
21106020260904937130616584858  001  665572  R  19726                     29400                      
21106020260904937130616584858  002  669622  R  32407                     48300                      
21106020260904937130616584858  003  660475  R  4227                      6300                       
21106020260904937130616584858  004  660412  R  2113.5                    3150                       
21106020260904937130616584858  005  660902  R  2113.5                    3150                       
21106020260904937130616584858  006  660192  R  2818                      4200                       
21106020260904937130616584858  007  660174  R  2113.5                    3150                       
21106020260904937130616584858  008  660876  R  3522.5                    5250                       
21106020260904937130616584858  009  660865  R  12681                     18900                      
21106020260904937130616584858  010  660711  R  4227                      6300                       
21106020260904937130616584858  011  660736  R  5636                      8400                       
21106020260904937130616584858  012  660001  R  4227                      6300                       
21107020260904215014653312293  001  660475  A  4227                      6300                       
21107020260904215014653312293  002  660412  A  2113.5                    3150                       
21107020260904215014653312293  003  660133  A  2113.5                    3150                       
21107020260904215014653312293  004  660001  A  4227                      6300                       
21108120260904072616793466235  001  660911  A  21135                     31500                      
21108120260904072616793466235  002  660001  A  4227                      6300                       
21108120260904701619784110939  001  660911  A  21135                     31500                      
21108120260904701619784110939  002  660001  A  4227                      6300                       
21108120260904705115870926515  001  660475  A  4227                      6300                       
21108120260904705115870926515  002  660412  A  2113.5                    3150                       
21108120260904705115870926515  003  660902  A  2113.5                    3150                       
21108120260904705115870926515  004  660192  A  2818                      4200                       
21108120260904705115870926515  005  660297  A  1409                      2100                       
21108120260904705115870926515  006  660174  A  2113.5                    3150                       
21108120260904705115870926515  007  661035  A  4227                      6300                       
21108120260904705115870926515  008  661040  A  5636                      8400                       
21108120260904705115870926515  009  660876  A  3522.5                    5250                       
21108120260904705115870926515  010  660904  A  2113.5                    3150                       
21108120260904705115870926515  011  669913  A  52133                     77700                      
21108120260904705115870926515  012  660133  A  2113.5                    3150                       
21108120260904705115870926515  013  660711  A  4227                      6300                       
21108120260904705115870926515  014  660001  A  4227                      6300                       
21108320260904078119124371100  001  660911  A  21135                     31500                      
21108320260904078119124371100  002  660001  A  4227                      6300                       
21108320260904078119465906180  001  660475  A  4227                      6300                       
21108320260904078119465906180  002  660174  A  2113.5                    3150                       
21108320260904078119465906180  003  660412  A  2113.5                    3150                       
21108320260904078119465906180  004  660902  A  2113.5                    3150                       
21108320260904078119465906180  005  660546  A  4931.5                    7350                       
21108320260904078119465906180  006  660171  A  8454                      12600                      
21108320260904078119465906180  007  660001  A  4227                      6300                       
21108320260904838619251896341  001  660475  A  4227                      6300                       
21108320260904838619251896341  002  660171  A  8454                      12600                      
21108320260904838619251896341  003  660412  A  2113.5                    3150                       
21108320260904838619251896341  004  660902  A  2113.5                    3150                       
21108320260904838619251896341  005  660192  A  2818                      4200                       
21108320260904838619251896341  006  660174  A  2113.5                    3150                       
21108320260904838619251896341  007  660876  A  3522.5                    5250                       
21108320260904838619251896341  008  661035  A  4227                      6300                       
21108320260904838619251896341  009  661040  A  5636                      8400                       
21108320260904838619251896341  010  660904  A  2113.5                    3150                       
21108320260904838619251896341  011  660481  A  8454                      12600                      
21108320260904838619251896341  012  660546  A  4931.5                    7350                       
21108320260904838619251896341  013  660001  A  4227                      6300                       
21108820260904740419976380695  001  660475  A  4227                      6300                       
21108820260904740419976380695  002  660746  A  1409                      2100                       
21108820260904740419976380695  003  660001  A  4227                      6300                       
21109120260904095011939768007  001  660475  A  4227                      6300                       
21109120260904095011939768007  002  660412  A  2113.5                    3150                       
21109120260904095011939768007  003  660902  A  2113.5                    3150                       
21109120260904095011939768007  004  660192  A  2818                      4200                       
21109120260904095011939768007  005  660481  A  8454                      12600                      
21109120260904095011939768007  006  660911  A  21135                     31500                      
21109120260904095011939768007  007  660546  A  4931.5                    7350                       
21109120260904095011939768007  008  660171  A  8454                      12600                      
21109120260904095011939768007  009  660770  A  4227                      6300                       
21109120260904095011939768007  010  660001  A  4227                      6300                       
21109120260904095028474793478  001  660475  A  4227                      6300                       
21109120260904095028474793478  002  660412  A  2113.5                    3150                       
21109120260904095028474793478  003  660902  A  2113.5                    3150                       
21109120260904095028474793478  004  660192  A  2818                      4200                       
21109120260904095028474793478  005  660174  A  2113.5                    3150                       
21109120260904095028474793478  006  660876  A  3522.5                    5250                       
21109120260904095028474793478  007  661035  A  4227                      6300                       
21109120260904095028474793478  008  661040  A  5636                      8400                       
21109120260904095028474793478  009  660481  A  8454                      12600                      
21109120260904095028474793478  010  660133  A  2113.5                    3150                       
21109120260904095028474793478  011  660653  A  3522.5                    5250                       
21109120260904095028474793478  012  660865  A  12681                     18900                      
21109120260904095028474793478  013  669913  A  52133                     77700                      
21109120260904095028474793478  014  660546  A  4931.5                    7350                       
21109120260904095028474793478  015  660001  A  4227                      6300                       
21101020260904005074199855897  001  660911  A  25545                     30750                      
21101020260904005074199855897  002  660001  A  5109                      6150                       
21105420260904026956199971822  001  660543  A  18733                     22550                      
21105420260904026956199971822  002  660481  A  10218                     12300                      
21105420260904026956199971822  003  660297  A  1703                      2050                       
21105420260904026956199971822  004  660412  A  2554.5                    3075                       
21105420260904026956199971822  005  660902  A  2554.5                    3075                       
21105420260904026956199971822  006  660192  A  3406                      4100                       
21105420260904026956199971822  007  660481  A  10218                     12300                      
21105420260904026956199971822  008  660865  A  15327                     18450                      
21105420260904026956199971822  009  660867  A  15327                     18450                      
21105420260904026956199971822  010  660174  A  2554.5                    3075                       
21105420260904026956199971822  011  660876  A  4257.5                    5125                       
21105420260904026956199971822  012  661035  A  5109                      6150                       
21105420260904026956199971822  013  661040  A  6812                      8200                       
21105420260904026956199971822  014  662811  A  18733                     22550                      
21105420260904026956199971822  015  662811  A  18733                     22550                      
21105420260904026956199971822  016  660711  A  5109                      6150                       
21105420260904026956199971822  017  660001  A  5109                      6150                       
21109120260904016528734724053  001  660902  A  2554.5                    3075                       
21109120260904016528734724053  002  660192  A  3406                      4100                       
21109120260904016528734724053  003  660001  A  5109                      6150                       
21100620260904001473901310294  001  660475  A  3432                      0                          
21100620260904001473901310294  002  660412  A  1716                      0                          
21100620260904001473901310294  003  660902  A  1716                      0                          
21100620260904001473901310294  004  660192  A  2288                      0                          
21100620260904001473901310294  005  660174  A  1716                      0                          
21100620260904001473901310294  006  660876  A  2860                      0                          
21100620260904001473901310294  007  661035  A  3432                      0                          
21100620260904001473901310294  008  661040  A  4576                      0                          
21100620260904001473901310294  009  660904  A  1716                      0                          
21100620260904001473901310294  010  660481  A  6864                      0                          
21100620260904001473901310294  011  660171  A  6864                      0                          
21100620260904001473901310294  012  661070  A  17160                     0                          
21100620260904001473901310294  013  661130  A  14300                     0                          
21100620260904001473901310294  014  660767  A  1716                      0                          
21100620260904001473901310294  015  660193  A  5720                      0                          
21100620260904001473901310294  016  660001  A  3432                      0                          
21103320260904007655902413750  001  660475  A  3432                      0                          
21103320260904007655902413750  002  660412  A  1716                      0                          
21103320260904007655902413750  003  660902  A  1716                      0                          
21103320260904007655902413750  004  660192  A  2288                      0                          
21103320260904007655902413750  005  660171  A  6864                      0                          
21103320260904007655902413750  006  660001  A  3432                      0                          
21107720260904006164800177875  001  660475  A  3432                      0                          
21107720260904006164800177875  002  660481  A  6864                      0                          
21107720260904006164800177875  003  660546  A  4004                      0                          
21107720260904006164800177875  004  660412  A  1716                      0                          
21107720260904006164800177875  005  660865  A  10296                     0                          
21107720260904006164800177875  006  669913  A  42328                     0                          
21107720260904006164800177875  007  660352  A  12584                     0                          
21107720260904006164800177875  008  660192  A  2288                      0                          
21107720260904006164800177875  009  660902  A  1716                      0                          
21107720260904006164800177875  010  660174  A  1716                      0                          
21107720260904006164800177875  011  660876  A  2860                      0                          
21107720260904006164800177875  012  661035  A  3432                      0                          
21107720260904006164800177875  013  661040  A  4576                      0                          
21107720260904006164800177875  014  660711  A  3432                      0                          
21107720260904006164800177875  015  660001  A  3432                      0                          
21107720260904006164800177875  016  661070  R  17160                     0                          
21100620260904181275500147110  001  660475  A  5796.9                    6300                       
21100620260904181275500147110  002  660412  A  2898.45                   3150                       
21100620260904181275500147110  003  660192  A  3864.6                    4200                       
21100620260904181275500147110  004  660174  A  2898.45                   3150                       
21100620260904181275500147110  005  661035  A  5796.9                    6300                       
21100620260904181275500147110  006  660876  A  4830.75                   5250                       
21100620260904181275500147110  007  660481  A  11593.8                   12600                      
21100620260904181275500147110  008  660865  A  17390.7                   18900                      
21100620260904181275500147110  009  660867  A  17390.7                   18900                      
21100620260904181275500147110  010  669913  A  71495.1                   77700                      
21100620260904181275500147110  011  660001  A  5796.9                    6300                       
21100620260904181275500199189  001  661040  A  7729.2                    8400                       
21100620260904181275500199189  002  660904  A  2898.45                   3150                       
21100620260904181275500199189  003  660413  A  8695.35                   9450                       
21100620260904181275500199189  004  661070  A  28984.5                   31500                      
21100620260904181275500199189  005  660543  A  21255.3                   23100                      
21100620260904181275500199189  006  660982  A  23187.6                   25200                      
21100620260904181275500199189  007  660001  R  5796.9                    6300                       
21101020260904145569700451023  001  660911  A  28984.5                   31500                      
21101020260904145569700451023  002  660001  A  5796.9                    6300                       
21109120260904105157002323480  001  660475  A  5796.9                    6300                       
21109120260904105157002323480  002  660412  A  2898.45                   3150                       
21109120260904105157002323480  003  660902  A  2898.45                   3150                       
21109120260904105157002323480  004  660192  A  3864.6                    4200                       
21109120260904105157002323480  005  660171  A  11593.8                   12600                      
21109120260904105157002323480  006  660770  A  5796.9                    6300                       
21109120260904105157002323480  007  660001  A  5796.9                    6300                       
21109120260904235430400324550  001  660412  A  2898.45                   3150                       
21109120260904235430400324550  002  660758  A  21255.3                   23100                      
21109120260904235430400324550  003  660759  A  19323                     21000                      
21109120260904235430400324550  004  662982  A  57969                     63000                      
21109120260904235430400324550  005  662984  A  57969                     63000                      
21109120260904235430400324550  006  662709  R  57969                     63000                      
21109120260904235430400324550  007  663392  A  34781.4                   37800                      
21109120260904235430400324550  008  663401  A  34781.4                   37800                      
21109120260904235430400324550  009  660001  A  5796.9                    6300                       
21109120260904243006100112237  001  661170  A  15458.4                   16800                      
21109120260904243006100112237  002  660001  A  5796.9                    6300                       
21100420260904001383044336583  001  660192  R  2500                      0                          
21100420260904001383044336583  002  660297  R  1250                      0                          
21100420260904001383044336583  003  660412  R  1875                      0                          
21100420260904001383044336583  004  660475  R  3750                      0                          
21100420260904001383044336583  005  660481  R  7500                      0                          
21100420260904001383044336583  006  660746  R  1250                      0                          
21100420260904001383044336583  007  660902  R  1875                      0                          
21100420260904001383044336583  008  660001  R  3750                      0                          
21100420260904002731509250229  001  660192  R  2500                      0                          
21100420260904002731509250229  002  660297  R  1250                      0                          
21100420260904002731509250229  003  660412  R  1875                      0                          
21100420260904002731509250229  004  660475  R  3750                      0                          
21100420260904002731509250229  005  660481  R  7500                      0                          
21100420260904002731509250229  006  660902  R  1875                      0                          
21100420260904002731509250229  007  661000  R  22500                     0                          
21100420260904002731509250229  008  660001  R  3750                      0                          
21100420260904003488875814754  001  660192  R  2500                      0                          
21100420260904003488875814754  002  660412  R  1875                      0                          
21100420260904003488875814754  003  660475  R  3750                      0                          
21100420260904003488875814754  004  660481  R  7500                      0                          
21100420260904003488875814754  005  660546  R  4375                      0                          
21100420260904003488875814754  006  660711  R  3750                      0                          
21100420260904003488875814754  007  668298  R  13750                     0                          
21100420260904003488875814754  008  660001  R  3750                      0                          
21100420260904004241501568962  001  660192  R  2500                      0                          
21100420260904004241501568962  002  660297  R  1250                      0                          
21100420260904004241501568962  003  660412  R  1875                      0                          
21100420260904004241501568962  004  660475  R  3750                      0                          
21100420260904004241501568962  005  660481  R  7500                      0                          
21100420260904004241501568962  006  660902  R  1875                      0                          
21100420260904004241501568962  007  660001  R  3750                      0                          
21100420260904004623403710052  001  660475  R  3750                      0                          
21100420260904004623403710052  002  660297  R  1250                      0                          
21100420260904004623403710052  003  660412  R  1875                      0                          
21100420260904004623403710052  004  660297  R  1250                      0                          
21100420260904004623403710052  005  660902  R  1875                      0                          
21100420260904004623403710052  006  660192  R  2500                      0                          
21100420260904004623403710052  007  660481  R  7500                      0                          
21100420260904004623403710052  008  660001  R  3750                      0                          
21100420260904006347643035058  001  660192  R  2500                      0                          
21100420260904006347643035058  002  660297  R  1250                      0                          
21100420260904006347643035058  003  660412  R  1875                      0                          
21100420260904006347643035058  004  660475  R  3750                      0                          
21100420260904006347643035058  005  660481  R  7500                      0                          
21100420260904006347643035058  006  660902  R  1875                      0                          
21100420260904006347643035058  007  660904  R  1875                      0                          
21100420260904006347643035058  008  662734  R  45000                     0                          
21100420260904006347643035058  009  660001  R  3750                      0                          
21100420260904012297106192574  001  660475  A  3750                      0                          
21100420260904012297106192574  002  660711  A  3750                      0                          
21100420260904012297106192574  003  661070  A  18750                     0                          
21100420260904012297106192574  004  660001  A  3750                      0                          
21100420260904012297106192574  005  660174  A  1875                      0                          
21100420260904012297106192574  006  660412  A  1875                      0                          
21100620260904005668027520527  001  660475  A  3750                      0                          
21100620260904005668027520527  002  660412  A  1875                      0                          
21100620260904005668027520527  003  660902  A  1875                      0                          
21100620260904005668027520527  004  660174  A  1875                      0                          
21100620260904005668027520527  005  660876  A  3125                      0                          
21100620260904005668027520527  006  660904  A  1875                      0                          
21100620260904005668027520527  007  660001  A  3750                      0                          
21100620260904007913928851443  001  660475  A  3750                      0                          
21100620260904007913928851443  002  660171  A  7500                      0                          
21100620260904007913928851443  003  660412  A  1875                      0                          
21100620260904007913928851443  004  660902  A  1875                      0                          
21100620260904007913928851443  005  660001  A  3750                      0                          
21100620260904007913928851443  006  660746  R  1250                      0                          
21100620260904010184213177992  001  660174  A  1875                      0                          
21100620260904010184213177992  002  660192  A  2500                      0                          
21100620260904010184213177992  003  660475  A  3750                      0                          
21100620260904010184213177992  004  660876  A  3125                      0                          
21100620260904010184213177992  005  660001  A  3750                      0                          
21100620260904010662868566856  001  660412  A  1875                      0                          
21100620260904010662868566856  002  660475  A  3750                      0                          
21100620260904010662868566856  003  660711  A  3750                      0                          
21100620260904010662868566856  004  660192  A  2500                      0                          
21100620260904010662868566856  005  661000  A  22500                     0                          
21100620260904010662868566856  006  660001  A  3750                      0                          
21100620260904011426122760412  001  660174  A  1875                      0                          
21100620260904011426122760412  002  660475  A  3750                      0                          
21100620260904011426122760412  003  660876  A  3125                      0                          
21100620260904011426122760412  004  660001  A  3750                      0                          
21100620260904011426122760412  005  660192  A  2500                      0                          
21100620260904011426122760412  006  661035  A  3750                      0                          
21100620260904011879355177135  001  660475  R  3750                      0                          
21100620260904011879355177135  002  660746  R  1250                      0                          
21100620260904011879355177135  003  660297  R  1250                      0                          
21100620260904011879355177135  004  660761  R  6250                      0                          
21100620260904011879355177135  005  660412  R  1875                      0                          
21100620260904011879355177135  006  660543  R  13750                     0                          
21100620260904011879355177135  007  660902  R  1875                      0                          
21100620260904011879355177135  008  660192  R  2500                      0                          
21100620260904011879355177135  009  660174  R  1875                      0                          
21100620260904011879355177135  010  661035  R  3750                      0                          
21100620260904011879355177135  011  661040  R  5000                      0                          
21100620260904011879355177135  012  660876  R  3125                      0                          
21100620260904011879355177135  013  660904  R  1875                      0                          
21100620260904011879355177135  014  660481  R  7500                      0                          
21100620260904011879355177135  015  667187  R  25000                     0                          
21100620260904011879355177135  016  662811  R  13750                     0                          
21100620260904011879355177135  017  660546  R  4375                      0                          
21100620260904011879355177135  018  660343  R  2500                      0                          
21100620260904011879355177135  019  661070  R  18750                     0                          
21100620260904011879355177135  020  660865  R  11250                     0                          
21100620260904011879355177135  021  660867  R  11250                     0                          
21100620260904011879355177135  022  669913  R  46250                     0                          
21100620260904011879355177135  023  660711  R  3750                      0                          
21100620260904011879355177135  024  666452  R  37500                     0                          
21100620260904011879355177135  025  660001  R  3750                      0                          
21100620260904013770608675019  001  660475  A  3750                      0                          
21100620260904013770608675019  002  660297  A  1250                      0                          
21100620260904013770608675019  003  660412  A  1875                      0                          
21100620260904013770608675019  004  660902  A  1875                      0                          
21100620260904013770608675019  005  660174  A  1875                      0                          
21100620260904013770608675019  006  660876  A  3125                      0                          
21100620260904013770608675019  007  660904  A  1875                      0                          
21100620260904013770608675019  008  660711  A  3750                      0                          
21100620260904013770608675019  009  660001  A  3750                      0                          
21100620260904016613922107948  001  660598  A  6250                      0                          
21100620260904016613922107948  002  660190  A  3750                      0                          
21100620260904016613922107948  003  660180  A  6250                      0                          
21100620260904016613922107948  004  660180  A  6250                      0                          
21100620260904016613922107948  005  660297  A  1250                      0                          
21100620260904016613922107948  006  660001  A  3750                      0                          
21100620260904016613922107948  007  660764  A  6250                      0                          
21100620260904016613922107948  008  660018  A  7500                      0                          
21100820260904012136327225447  001  660174  A  1875                      0                          
21100820260904012136327225447  002  660412  A  1875                      0                          
21100820260904012136327225447  003  660475  A  3750                      0                          
21100820260904012136327225447  004  660876  A  3125                      0                          
21100820260904012136327225447  005  660902  A  1875                      0                          
21100820260904012136327225447  006  660001  A  3750                      0                          
21100820260904012136327225447  007  660711  A  3750                      0                          
21100820260904013273808266901  001  660412  A  1875                      0                          
21100820260904013273808266901  002  660475  A  3750                      0                          
21100820260904013273808266901  003  660711  A  3750                      0                          
21100820260904013273808266901  004  660001  A  3750                      0                          
21100820260904013273808266901  005  660174  A  1875                      0                          
21100820260904013273808266901  006  660192  A  2500                      0                          
21100820260904013273808266901  007  661070  A  18750                     0                          
21100820260904013618708501070  001  660192  A  2500                      0                          
21100820260904013618708501070  002  660412  A  1875                      0                          
21100820260904013618708501070  003  660475  A  3750                      0                          
21100820260904013618708501070  004  660001  A  3750                      0                          
21101020260904005996475030819  001  660475  A  3750                      0                          
21101020260904005996475030819  002  660297  A  1250                      0                          
21101020260904005996475030819  003  660412  A  1875                      0                          
21101020260904005996475030819  004  660902  A  1875                      0                          
21101020260904005996475030819  005  660174  A  1875                      0                          
21101020260904005996475030819  006  660876  A  3125                      0                          
21101020260904005996475030819  007  660866  A  11250                     0                          
21101020260904005996475030819  008  660711  A  3750                      0                          
21101020260904005996475030819  009  660001  A  3750                      0                          
21101020260904006544974765949  001  660174  A  1875                      0                          
21101020260904006544974765949  002  660297  A  1250                      0                          
21101020260904006544974765949  003  660412  A  1875                      0                          
21101020260904006544974765949  004  660475  A  3750                      0                          
21101020260904006544974765949  005  660902  A  1875                      0                          
21101020260904006544974765949  006  660904  A  1875                      0                          
21101020260904006544974765949  007  660001  A  3750                      0                          
21101020260904006544974765949  008  660865  A  11250                     0                          
21101020260904012590756440876  001  660105  A  8750                      0                          
21101020260904012590756440876  002  660174  A  1875                      0                          
21101020260904012590756440876  003  660412  A  1875                      0                          
21101020260904012590756440876  004  660475  A  3750                      0                          
21101020260904012590756440876  005  660711  A  3750                      0                          
21101020260904012590756440876  006  660876  A  3125                      0                          
21101020260904012590756440876  007  660001  A  3750                      0                          
21101020260904012590756440876  008  660902  A  1875                      0                          
21101020260904016328841281125  001  660133  A  1875                      0                          
21101020260904016328841281125  002  660001  A  3750                      0                          
21101220260904011541517601690  001  660475  A  3750                      0                          
21101220260904011541517601690  002  660190  A  3750                      0                          
21101220260904011541517601690  003  660001  A  3750                      0                          
21101220260904011541517601690  004  660873  A  1875                      0                          
21101220260904011541517601690  005  661045  R  12500                     0                          
21101220260904012901862990456  001  660412  A  1875                      0                          
21101220260904012901862990456  002  660481  A  7500                      0                          
21101220260904012901862990456  003  660475  A  3750                      0                          
21101220260904012901862990456  004  660902  A  1875                      0                          
21101220260904012901862990456  005  660001  A  3750                      0                          
21101220260904012901862990456  006  660174  A  1875                      0                          
21101320260904016439393086453  001  660475  A  3750                      0                          
21101320260904016439393086453  002  660297  A  1250                      0                          
21101320260904016439393086453  003  660412  A  1875                      0                          
21101320260904016439393086453  004  660539  A  12500                     0                          
21101320260904016439393086453  005  660001  A  3750                      0                          
21102120260904017705022604920  001  660475  A  3750                      0                          
21102120260904017705022604920  002  660297  A  1250                      0                          
21102120260904017705022604920  003  660412  A  1875                      0                          
21102120260904017705022604920  004  660539  A  12500                     0                          
21102120260904017705022604920  005  660001  A  3750                      0                          
21102320260904011808993845095  001  660174  A  1875                      0                          
21102320260904011808993845095  002  660412  A  1875                      0                          
21102320260904011808993845095  003  660475  A  3750                      0                          
21102320260904011808993845095  004  660481  A  7500                      0                          
21102320260904011808993845095  005  660001  A  3750                      0                          
21102320260904011808993845095  006  660192  A  2500                      0                          
21103320260904006256271443790  001  660475  R  3750                      0                          
21103320260904006256271443790  002  660412  R  1875                      0                          
21103320260904006256271443790  003  660171  R  7500                      0                          
21103320260904006256271443790  004  660174  R  1875                      0                          
21103320260904006256271443790  005  660876  R  3125                      0                          
21103320260904006256271443790  006  660904  R  1875                      0                          
21103320260904006256271443790  007  660481  R  7500                      0                          
21103320260904006256271443790  008  660192  R  2500                      0                          
21103320260904006256271443790  009  660902  R  1875                      0                          
21103320260904006256271443790  010  660001  R  3750                      0                          
21103320260904006256271806609  001  660475  A  3750                      0                          
21103320260904006256271806609  002  660412  A  1875                      0                          
21103320260904006256271806609  003  660174  A  1875                      0                          
21103320260904006256271806609  004  660876  A  3125                      0                          
21103320260904006256271806609  005  660902  A  1875                      0                          
21103320260904006256271806609  006  660001  A  3750                      0                          
21103320260904006256271806609  007  660192  A  2500                      0                          
21103320260904006256271806609  008  660904  A  1875                      0                          
21103320260904006352408399841  001  660475  A  3750                      0                          
21103320260904006352408399841  002  660412  A  1875                      0                          
21103320260904006352408399841  003  660902  A  1875                      0                          
21103320260904006352408399841  004  660711  A  3750                      0                          
21103320260904006352408399841  005  660001  A  3750                      0                          
21103320260904006352408399841  006  661000  A  22500                     0                          
21103320260904006352408399841  007  660105  R  8750                      0                          
21103320260904008280005769949  001  660475  A  3750                      0                          
21103320260904008280005769949  002  660412  A  1875                      0                          
21103320260904008280005769949  003  660192  A  2500                      0                          
21103320260904008280005769949  004  661000  A  22500                     0                          
21103320260904008280005769949  005  660001  A  3750                      0                          
21103320260904010480536848100  001  660174  A  1875                      0                          
21103320260904010480536848100  002  660412  A  1875                      0                          
21103320260904010480536848100  003  660475  A  3750                      0                          
21103320260904010480536848100  004  660711  A  3750                      0                          
21103320260904010480536848100  005  660876  A  3125                      0                          
21103320260904010480536848100  006  660902  A  1875                      0                          
21103320260904010480536848100  007  660001  A  3750                      0                          
21103320260904013528196411833  001  660475  A  3750                      0                          
21103320260904013528196411833  002  660297  A  1250                      0                          
21103320260904013528196411833  003  660412  A  1875                      0                          
21103320260904013528196411833  004  660902  A  1875                      0                          
21103320260904013528196411833  005  660133  A  1875                      0                          
21103320260904013528196411833  006  660001  A  3750                      0                          
21103320260904013528196411833  007  660865  A  11250                     0                          
21103320260904013528196411833  008  660174  A  1875                      0                          
21103320260904013528196411833  009  660876  A  3125                      0                          
21104320260904004775127836108  001  660475  A  3750                      0                          
21104320260904004775127836108  002  660192  A  2500                      0                          
21104320260904004775127836108  003  660412  A  1875                      0                          
21104320260904004775127836108  004  660174  A  1875                      0                          
21104320260904004775127836108  005  661035  A  3750                      0                          
21104320260904004775127836108  006  660876  A  3125                      0                          
21104320260904004775127836108  007  660001  A  3750                      0                          
21104320260904004775127836108  008  662811  A  13750                     0                          
21105020260904013990434940521  001  660475  A  3750                      0                          
21105020260904013990434940521  002  660297  A  1250                      0                          
21105020260904013990434940521  003  660412  A  1875                      0                          
21105020260904013990434940521  004  660481  A  7500                      0                          
21105020260904013990434940521  005  660192  A  2500                      0                          
21105020260904013990434940521  006  660174  A  1875                      0                          
21105020260904013990434940521  007  661000  A  22500                     0                          
21105020260904013990434940521  008  660001  A  3750                      0                          
21105020260904013990434940521  009  660711  A  3750                      0                          
21105120260904007891973815522  001  660412  A  1875                      0                          
21105120260904007891973815522  002  660475  A  3750                      0                          
21105120260904007891973815522  003  660711  A  3750                      0                          
21105120260904007891973815522  004  661000  A  22500                     0                          
21105120260904007891973815522  005  660001  A  3750                      0                          
21105120260904007891973815522  006  660192  A  2500                      0                          
21105220260904006544818149057  001  660475  A  3750                      0                          
21105220260904006544818149057  002  660412  A  1875                      0                          
21105220260904006544818149057  003  660902  A  1875                      0                          
21105220260904006544818149057  004  660297  A  1250                      0                          
21105220260904006544818149057  005  660174  A  1875                      0                          
21105220260904006544818149057  006  660876  A  3125                      0                          
21105220260904006544818149057  007  660865  A  11250                     0                          
21105220260904006544818149057  008  660001  A  3750                      0                          
21105220260904006544818149057  009  660711  A  3750                      0                          
21105220260904011274241178470  001  660297  A  1250                      0                          
21105220260904011274241178470  002  660412  A  1875                      0                          
21105220260904011274241178470  003  660598  A  6250                      0                          
21105220260904011274241178470  004  660711  A  3750                      0                          
21105220260904011274241178470  005  660001  A  3750                      0                          
21105220260904011274241178470  006  661000  A  22500                     0                          
21105620260904004489039081454  001  660711  A  3750                      0                          
21105620260904004489039081454  002  660105  A  8750                      0                          
21105620260904004489039081454  003  660001  A  3750                      0                          
21105620260904006281744980916  001  660711  A  3750                      0                          
21105620260904006281744980916  002  660105  A  8750                      0                          
21105620260904006281744980916  003  660001  A  3750                      0                          
21105620260904007676443379129  001  660174  A  1875                      0                          
21105620260904007676443379129  002  660412  A  1875                      0                          
21105620260904007676443379129  003  661070  A  18750                     0                          
21105620260904007676443379129  004  660001  A  3750                      0                          
21105620260904012296826380030  001  660412  A  1875                      0                          
21105620260904012296826380030  002  660001  A  3750                      0                          
21105620260904012296826380030  003  661070  R  18750                     0                          
21105620260904016011133235125  001  660174  A  1875                      0                          
21105620260904016011133235125  002  661035  A  3750                      0                          
21105620260904016011133235125  003  660876  A  3125                      0                          
21105620260904016011133235125  004  660001  A  3750                      0                          
21106020260904024898261538688  001  660475  A  3750                      0                          
21106020260904024898261538688  002  660412  A  1875                      0                          
21106020260904024898261538688  003  660902  A  1875                      0                          
21106020260904024898261538688  004  660174  A  1875                      0                          
21106020260904024898261538688  005  660876  A  3125                      0                          
21106020260904024898261538688  006  660904  A  1875                      0                          
21106020260904024898261538688  007  660711  A  3750                      0                          
21106020260904024898261538688  008  660001  A  3750                      0                          
21106020260904024898261538688  009  661035  A  3750                      0                          
21106020260904024898261538688  010  660192  A  2500                      0                          
21106520260904013644444357495  001  660475  A  3750                      0                          
21106520260904013644444357495  002  660412  A  1875                      0                          
21106520260904013644444357495  003  660902  A  1875                      0                          
21106520260904013644444357495  004  660711  A  3750                      0                          
21106520260904013644444357495  005  660174  A  1875                      0                          
21106520260904013644444357495  006  661000  A  22500                     0                          
21106520260904013644444357495  007  660001  A  3750                      0                          
21106520260904032619812636126  001  660412  A  1875                      0                          
21106520260904032619812636126  002  660475  A  3750                      0                          
21106520260904032619812636126  003  660001  A  3750                      0                          
21106520260904032619812636126  004  660192  A  2500                      0                          
21106520260904032619812636126  005  660711  A  3750                      0                          
21106520260904032619812636126  006  660174  A  1875                      0                          
21106520260904032619812636126  007  660876  A  3125                      0                          
21106920260904012323774600899  001  660475  A  3750                      0                          
21106920260904012323774600899  002  660412  A  1875                      0                          
21106920260904012323774600899  003  660902  A  1875                      0                          
21106920260904012323774600899  004  660174  A  1875                      0                          
21106920260904012323774600899  005  661035  A  3750                      0                          
21106920260904012323774600899  006  660876  A  3125                      0                          
21106920260904012323774600899  007  660711  A  3750                      0                          
21106920260904012323774600899  008  660001  A  3750                      0                          
21107820260904005163816644279  001  660475  A  3750                      0                          
21107820260904005163816644279  002  660412  A  1875                      0                          
21107820260904005163816644279  003  660902  A  1875                      0                          
21107820260904005163816644279  004  660174  A  1875                      0                          
21107820260904005163816644279  005  661035  A  3750                      0                          
21107820260904005163816644279  006  660876  A  3125                      0                          
21107820260904005163816644279  007  660904  A  1875                      0                          
21107820260904005163816644279  008  660865  A  11250                     0                          
21107820260904005163816644279  009  660711  A  3750                      0                          
21107820260904005163816644279  010  660001  A  3750                      0                          
21107820260904005210828755236  001  660475  A  3750                      0                          
21107820260904005210828755236  002  660171  A  7500                      0                          
21107820260904005210828755236  003  660412  A  1875                      0                          
21107820260904005210828755236  004  660902  A  1875                      0                          
21107820260904005210828755236  005  660001  A  3750                      0                          
21108020260904012401930268855  001  660475  A  3750                      0                          
21108020260904012401930268855  002  660297  A  1250                      0                          
21108020260904012401930268855  003  660902  A  1875                      0                          
21108020260904012401930268855  004  660711  A  3750                      0                          
21108020260904012401930268855  005  660833  A  10000                     0                          
21108020260904012401930268855  006  660001  A  3750                      0                          
21108020260904012401930268855  007  660411  R  0                         0                          
21108120260904010560774118445  001  660412  A  1875                      0                          
21108120260904010560774118445  002  661070  A  18750                     0                          
21108120260904010560774118445  003  660001  A  3750                      0                          
21108120260904012239545008709  001  660475  A  3750                      0                          
21108120260904012239545008709  002  660412  A  1875                      0                          
21108120260904012239545008709  003  661070  A  18750                     0                          
21108120260904012239545008709  004  660902  A  1875                      0                          
21108120260904012239545008709  005  660297  A  1250                      0                          
21108120260904012239545008709  006  660174  A  1875                      0                          
21108120260904012239545008709  007  660876  A  3125                      0                          
21108120260904012239545008709  008  660711  A  3750                      0                          
21108120260904012239545008709  009  660001  A  3750                      0                          
21108120260904013715426970120  001  660412  A  1875                      0                          
21108120260904013715426970120  002  660475  A  3750                      0                          
21108120260904013715426970120  003  660711  A  3750                      0                          
21108120260904013715426970120  004  660174  A  1875                      0                          
21108120260904013715426970120  005  660876  A  3125                      0                          
21108120260904013715426970120  006  660001  A  3750                      0                          
21108120260904013715426970120  007  660192  A  2500                      0                          
21108120260904020808311821774  001  660475  A  3750                      0                          
21108120260904020808311821774  002  660412  A  1875                      0                          
21108120260904020808311821774  003  660902  A  1875                      0                          
21108120260904020808311821774  004  660174  A  1875                      0                          
21108120260904020808311821774  005  660865  A  11250                     0                          
21108120260904020808311821774  006  660001  A  3750                      0                          
21108120260904020808311821774  007  660867  A  11250                     0                          
21108720260904008508815453603  001  661000  R  22500                     0                          
21108720260904008508815453603  002  660001  R  3750                      0                          
21108720260904012595729970042  001  660412  A  1875                      0                          
21108720260904012595729970042  002  660475  A  3750                      0                          
21108720260904012595729970042  003  660711  A  3750                      0                          
21108720260904012595729970042  004  660865  A  11250                     0                          
21108720260904012595729970042  005  660902  A  1875                      0                          
21108720260904012595729970042  006  660001  A  3750                      0                          
21108720260904012595729970042  007  660174  A  1875                      0                          
21108720260904012595729970042  008  660876  A  3125                      0                          
21108720260904013320369302997  001  660412  A  1875                      0                          
21108720260904013320369302997  002  661070  A  18750                     0                          
21108720260904013320369302997  003  660001  A  3750                      0                          
21108820260904007709606345450  001  660192  A  2500                      0                          
21108820260904007709606345450  002  660902  A  1875                      0                          
21108820260904007709606345450  003  660001  A  3750                      0                          
21108820260904007709606345450  004  660546  R  4375                      0                          
21108820260904007880461859017  001  660412  A  1875                      0                          
21108820260904007880461859017  002  660192  A  2500                      0                          
21108820260904007880461859017  003  660001  A  3750                      0                          
21108820260904008434434178490  001  660902  A  1875                      0                          
21108820260904008434434178490  002  660192  A  2500                      0                          
21108820260904008434434178490  003  660001  A  3750                      0                          
21109120260904017685053132570  001  660475  R  3750                      0                          
21109120260904017685053132570  002  660412  R  1875                      0                          
21109120260904017685053132570  003  660902  R  1875                      0                          
21109120260904017685053132570  004  660192  R  2500                      0                          
21109120260904017685053132570  005  660174  R  1875                      0                          
21109120260904017685053132570  006  660876  R  3125                      0                          
21109120260904017685053132570  007  661035  R  3750                      0                          
21109120260904017685053132570  008  661040  R  5000                      0                          
21109120260904017685053132570  009  660904  R  1875                      0                          
21109120260904017685053132570  010  661000  R  22500                     0                          
21109120260904017685053132570  011  660711  R  3750                      0                          
21109120260904017685053132570  012  660001  R  3750                      0                          
21109120260904044776574968327  001  660475  A  3432                      3750                       
21109120260904044776574968327  002  660412  A  1716                      1875                       
21109120260904044776574968327  003  660902  A  1716                      1875                       
21109120260904044776574968327  004  660192  A  2288                      2500                       
21109120260904044776574968327  005  660174  A  1716                      1875                       
21109120260904044776574968327  006  660876  A  2860                      3125                       
21109120260904044776574968327  007  661035  A  3432                      3750                       
21109120260904044776574968327  008  661040  A  4576                      5000                       
21109120260904044776574968327  009  660481  A  6864                      7500                       
21109120260904044776574968327  010  660911  A  17160                     18750                      
21109120260904044776574968327  011  660865  A  10296                     11250                      
21109120260904044776574968327  012  660867  A  10296                     11250                      
21109120260904044776574968327  013  661070  A  17160                     18750                      
21109120260904044776574968327  014  660171  A  6864                      7500                       
21109120260904044776574968327  015  660001  A  3432                      3750                       
21100620260904029350447553321  001  660475  A  4350                      6150                       
21100620260904029350447553321  002  660412  A  2175                      3075                       
21100620260904029350447553321  003  660192  A  2900                      4100                       
21100620260904029350447553321  004  660174  A  2175                      3075                       
21100620260904029350447553321  005  660876  A  3625                      5125                       
21100620260904029350447553321  006  660481  A  8700                      12300                      
21100620260904029350447553321  007  660711  A  4350                      6150                       
21100620260904029350447553321  008  660865  A  13050                     18450                      
21100620260904029350447553321  009  660867  A  13050                     18450                      
21100620260904029350447553321  010  660001  A  4350                      6150                       
21108820260904025347000958283  001  660475  A  4350                      6150                       
21108820260904025347000958283  002  660412  A  2175                      3075                       
21108820260904025347000958283  003  660192  A  2900                      4100                       
21108820260904025347000958283  004  660546  A  5075                      7175                       
21108820260904025347000958283  005  660711  A  4350                      6150                       
21108820260904025347000958283  006  660174  A  2175                      3075                       
21108820260904025347000958283  007  661035  A  4350                      6150                       
21108820260904025347000958283  008  660876  A  3625                      5125                       
21108820260904025347000958283  009  660481  A  8700                      12300                      
21108820260904025347000958283  010  661000  A  26100                     36900                      
21108820260904025347000958283  011  660001  A  4350                      6150                       
21100620260904409021092348002  001  660174  A  2622.345                  3150                       
21100620260904409021092348002  002  661035  A  5244.69                   6300                       
21100620260904409021092348002  003  661040  A  6992.92                   8400                       
21100620260904409021092348002  004  660876  A  4370.575                  5250                       
21100620260904409021092348002  005  660865  A  15734.07                  18900                      
21100620260904409021092348002  006  660867  A  15734.07                  18900                      
21100620260904409021092348002  007  669913  A  64684.51                  77700                      
21100620260904409021092348002  008  660133  A  2622.345                  3150                       
21100620260904409021092348002  009  662811  A  19230.53                  23100                      
21100620260904409021092348002  010  667187  A  34964.6                   42000                      
21100620260904409021092348002  011  660001  A  5244.69                   6300                       
21101020260904570010032191545  001  660475  A  5244.69                   6300                       
21101020260904570010032191545  002  660746  A  1748.23                   2100                       
21101020260904570010032191545  003  660412  A  2622.345                  3150                       
21101020260904570010032191545  004  660902  A  2622.345                  3150                       
21101020260904570010032191545  005  660192  A  3496.46                   4200                       
21101020260904570010032191545  006  660022  A  6992.92                   8400                       
21101020260904570010032191545  007  660873  A  2622.345                  3150                       
21101020260904570010032191545  008  660874  A  2622.345                  3150                       
21101020260904570010032191545  009  660546  A  6118.805                  7350                       
21101020260904570010032191545  010  660133  A  2622.345                  3150                       
21101020260904570010032191545  011  660654  A  4370.575                  5250                       
21101020260904570010032191545  012  660174  A  2622.345                  3150                       
21101020260904570010032191545  013  661035  A  5244.69                   6300                       
21101020260904570010032191545  014  661040  A  6992.92                   8400                       
21101020260904570010032191545  015  660876  A  4370.575                  5250                       
21101020260904570010032191545  016  660904  A  2622.345                  3150                       
21101020260904570010032191545  017  661120  A  34964.6                   42000                      
21101020260904570010032191545  018  660110  A  2622.345                  3150                       
21101020260904570010032191545  019  660772  A  6992.92                   8400                       
21101020260904570010032191545  020  660001  A  5244.69                   6300                       
21101320260904344426800279389  001  660475  A  4950                      6150                       
21101320260904344426800279389  002  660297  A  1650                      2050                       
21101320260904344426800279389  003  660412  A  2475                      3075                       
21101320260904344426800279389  004  660902  A  2475                      3075                       
21101320260904344426800279389  005  660192  A  3300                      4100                       
21101320260904344426800279389  006  660711  A  4950                      6150                       
21101320260904344426800279389  007  660481  A  9900                      12300                      
21101320260904344426800279389  008  660022  A  6600                      8200                       
21101320260904344426800279389  009  660833  A  13200                     16400                      
21101320260904344426800279389  010  660144  A  20625                     25625                      
21101320260904344426800279389  011  660001  A  4950                      6150                       
21107820260904002416290292394  001  660475  A  8750                      0                          
21107820260904002416290292394  002  660412  A  2625                      0                          
21107820260904002416290292394  003  660192  A  5250                      0                          
21107820260904002416290292394  004  660297  A  3500                      0                          
21107820260904002416290292394  005  660902  A  2625                      0                          
21107820260904002416290292394  006  661001  A  10500                     0                          
21107820260904002416290292394  007  660481  R  10500                     0                          
21107820260904002416290292394  008  660546  R  6125                      0                          
21107820260904002416290292394  009  660761  R  8750                      0                          
21108120260904008071079485927  001  660475  R  8750                      0                          
21108120260904008071079485927  002  660412  R  2625                      0                          
21108120260904008071079485927  003  660902  R  2625                      0                          
21108120260904008071079485927  004  660192  R  5250                      0                          
21108120260904008071079485927  005  660546  R  6125                      0                          
21108120260904008071079485927  006  660481  R  10500                     0                          
21108120260904008071079485927  007  660005  R  35000                     0                          
21108120260904008071079485927  008  661001  R  10500                     0                          
21108120260904010813800299717  001  660005  R  35000                     0                          
21108120260904010813800299717  002  661001  R  10500                     0                          
21108120260904012452455695407  001  660475  A  8750                      0                          
21108120260904012452455695407  002  660412  A  2625                      0                          
21108120260904012452455695407  003  660902  A  2625                      0                          
21108120260904012452455695407  004  660481  A  10500                     0                          
21108120260904012452455695407  005  661001  A  10500                     0                          
21108120260904012452455695407  006  660771  A  5250                      0                          
21108120260904012452455695407  007  660192  R  5250                      0                          
21108120260904012452455695407  008  660546  R  6125                      0                          
21108120260904012452455695407  009  660763  R  2625                      0                          
21108120260904012452455695407  010  660015  R  2625                      0                          
21108120260904012452455695407  011  660171  R  14000                     0                          
21108120260904012452455695407  012  660343  R  3500                      0                          
21108120260904012452455695407  013  665230  R  26250                     0                          
21108620260904008378240193633  001  660736  R  7000                      0                          
21108620260904008378240193633  002  660187  R  17500                     0                          
21108920260904005531889301750  001  660475  A  8750                      0                          
21108920260904005531889301750  002  660192  A  5250                      0                          
21108920260904005531889301750  003  660297  A  3500                      0                          
21108920260904005531889301750  004  661001  A  10500                     0                          
21108920260904005531889301750  005  660412  A  2625                      0                          
21108920260904005531889301750  006  660902  R  2625                      0                          
21108920260904005531889301750  007  660546  R  6125                      0                          
21108920260904005650133152683  001  660475  A  8750                      0                          
21108920260904005650133152683  002  660297  A  3500                      0                          
21108920260904005650133152683  003  660412  A  2625                      0                          
21108920260904005650133152683  004  660192  A  5250                      0                          
21108920260904005650133152683  005  661001  A  10500                     0                          
21108920260904005650133152683  006  660902  R  2625                      0                          
21108920260904006304325113072  001  660475  A  8750                      0                          
21108920260904006304325113072  002  660192  A  5250                      0                          
21108920260904006304325113072  003  660412  A  2625                      0                          
21108920260904006304325113072  004  660902  A  2625                      0                          
21108920260904006304325113072  005  661001  A  10500                     0                          
21108920260904006304325113072  006  660297  R  3500                      0                          
21100220260904953701000118191  001  660475  A  5400                      6000                       
21100220260904953701000118191  002  660412  A  2700                      3000                       
21100220260904953701000118191  003  660192  A  3600                      4000                       
21100220260904953701000118191  004  660174  A  2700                      3000                       
21100220260904953701000118191  005  661035  A  5400                      6000                       
21100220260904953701000118191  006  660876  A  4500                      5000                       
21100220260904953701000118191  007  660711  A  5400                      6000                       
21100220260904953701000118191  008  660001  A  5400                      6000                       
21108420260904997800000870000  001  660475  A  5400                      6000                       
21108420260904997800000870000  002  660412  A  2700                      3000                       
21108420260904997800000870000  003  660192  A  3600                      4000                       
21108420260904997800000870000  004  660174  A  2700                      3000                       
21108420260904997800000870000  005  660876  A  4500                      5000                       
21108420260904997800000870000  006  660865  A  16200                     18000                      
21108420260904997800000870000  007  669913  A  66600                     74000                      
21108420260904997800000870000  008  660911  A  27000                     30000                      
21108420260904997800000870000  009  660001  A  5400                      6000                       
21109120260904738400000175918  001  660475  A  5400                      6000                       
21109120260904738400000175918  002  660412  A  2700                      3000                       
21109120260904738400000175918  003  660902  A  2700                      3000                       
21109120260904738400000175918  004  660192  A  3600                      4000                       
21109120260904738400000175918  005  660174  A  2700                      3000                       
21109120260904738400000175918  006  660876  A  4500                      5000                       
21109120260904738400000175918  007  661035  A  5400                      6000                       
21109120260904738400000175918  008  661040  A  7200                      8000                       
21109120260904738400000175918  009  660911  A  27000                     30000                      
21109120260904738400000175918  010  660001  A  5400                      6000                       
21109120260904738400000202589  001  660171  A  10800                     12000                      
21109120260904738400000202589  002  660001  A  5400                      6000                       
21108120260904024081919876836  001  660475  A  4680                      5850                       
21108120260904024081919876836  002  660412  A  2340                      2925                       
21108120260904024081919876836  003  660902  A  2340                      2925                       
21108120260904024081919876836  004  660192  A  3120                      3900                       
21108120260904024081919876836  005  660546  A  5460                      6825                       
21108120260904024081919876836  006  660171  A  9360                      11700                      
21108120260904024081919876836  007  660711  A  4680                      5850                       
21108120260904024081919876836  008  660481  A  9360                      11700                      
21108120260904024081919876836  009  669735  A  39000                     48750                      
21108120260904024081919876836  010  661045  A  15600                     19500                      
21108120260904024081919876836  011  660001  A  4680                      5850                       
21102420260904124277201128594  001  660433  A  9661.5                    10500                      
21102420260904124277201128594  002  660186  A  23187.6                   25200                      
21102420260904124277201128594  003  660475  A  5796.9                    6300                       
21102420260904124277201128594  004  660412  A  2898.45                   3150                       
21102420260904124277201128594  005  660902  A  2898.45                   3150                       
21102420260904124277201128594  006  660192  A  3864.6                    4200                       
21102420260904124277201128594  007  660904  A  2898.45                   3150                       
21102420260904124277201128594  008  660711  A  5796.9                    6300                       
21102420260904124277201128594  009  660933  A  7729.2                    8400                       
21102420260904124277201128594  010  660243  A  15458.4                   16800                      
21102420260904124277201128594  011  669571  A  19323                     21000                      
21102420260904124277201128594  012  669580  A  27052.2                   29400                      
21102420260904124277201128594  013  660063  A  21255.3                   23100                      
21102420260904124277201128594  014  661086  A  23187.6                   25200                      
21102420260904124277201128594  015  661095  A  38646                     42000                      
21102420260904124277201128594  016  660494  A  3864.6                    4200                       
21102420260904124277201128594  017  667240  A  23187.6                   25200                      
21102420260904124277201128594  018  660865  A  17390.7                   18900                      
21102420260904124277201128594  019  660001  A  5796.9                    6300                       
21103320260904084951700254405  001  660911  A  28984.5                   31500                      
21103320260904084951700254405  002  660475  A  5796.9                    6300                       
21103320260904084951700254405  003  660412  A  2898.45                   3150                       
21103320260904084951700254405  004  661070  A  28984.5                   31500                      
21103320260904084951700254405  005  660904  A  2898.45                   3150                       
21103320260904084951700254405  006  660174  A  2898.45                   3150                       
21103320260904084951700254405  007  660865  A  17390.7                   18900                      
21103320260904084951700254405  008  660001  A  5796.9                    6300                       
21108320260904089012801385716  001  660412  A  2898.45                   3150                       
21108320260904089012801385716  002  660759  A  19323                     21000                      
21108320260904089012801385716  003  660865  A  17390.7                   18900                      
21108320260904089012801385716  004  660867  A  17390.7                   18900                      
21108320260904089012801385716  005  669661  A  19323                     21000                      
21108320260904089012801385716  006  660543  A  21255.3                   23100                      
21108320260904089012801385716  007  660001  A  5796.9                    6300                       
21108420260904074956001156893  001  660475  A  5796.9                    6300                       
21108420260904074956001156893  002  660412  A  2898.45                   3150                       
21108420260904074956001156893  003  660902  A  2898.45                   3150                       
21108420260904074956001156893  004  660192  A  3864.6                    4200                       
21108420260904074956001156893  005  660174  A  2898.45                   3150                       
21108420260904074956001156893  006  660876  A  4830.75                   5250                       
21108420260904074956001156893  007  661035  A  5796.9                    6300                       
21108420260904074956001156893  008  661040  A  7729.2                    8400                       
21108420260904074956001156893  009  660904  A  2898.45                   3150                       
21108420260904074956001156893  010  660481  A  11593.8                   12600                      
21108420260904074956001156893  011  660133  A  2898.45                   3150                       
21108420260904074956001156893  012  660653  A  4830.75                   5250                       
21108420260904074956001156893  013  660362  A  2898.45                   3150                       
21108420260904074956001156893  014  660865  A  17390.7                   18900                      
21108420260904074956001156893  015  660867  A  17390.7                   18900                      
21108420260904074956001156893  016  668315  R  23187.6                   25200                      
21108420260904074956001156893  017  660938  R  28984.5                   31500                      
21108420260904074956001156893  018  660543  R  21255.3                   23100                      
21108420260904074956001156893  019  660063  A  21255.3                   23100                      
21108420260904074956001156893  020  665905  A  34781.4                   37800                      
21108420260904074956001156893  021  661095  A  38646                     42000                      
21108420260904074956001156893  022  660934  R  3864.6                    4200                       
21108420260904074956001156893  023  666452  A  57969                     63000                      
21108420260904074956001156893  024  660001  A  5796.9                    6300                       
21108820260904176423200577128  001  660475  A  5796.9                    6300                       
21108820260904176423200577128  002  660297  A  1932.3                    2100                       
21108820260904176423200577128  003  660761  A  9661.5                    10500                      
21108820260904176423200577128  004  660001  A  5796.9                    6300                       
21108820260904187934300558209  001  660475  A  5796.9                    6300                       
21108820260904187934300558209  002  660412  A  2898.45                   3150                       
21108820260904187934300558209  003  660902  A  2898.45                   3150                       
21108820260904187934300558209  004  660192  A  3864.6                    4200                       
21108820260904187934300558209  005  660174  A  2898.45                   3150                       
21108820260904187934300558209  006  660876  A  4830.75                   5250                       
21108820260904187934300558209  007  661035  A  5796.9                    6300                       
21108820260904187934300558209  008  661040  A  7729.2                    8400                       
21108820260904187934300558209  009  660904  A  2898.45                   3150                       
21108820260904187934300558209  010  660481  A  11593.8                   12600                      
21108820260904187934300558209  011  660420  A  4830.75                   5250                       
21108820260904187934300558209  012  660133  A  2898.45                   3150                       
21108820260904187934300558209  013  660653  A  4830.75                   5250                       
21108820260904187934300558209  014  660362  A  2898.45                   3150                       
21108820260904187934300558209  015  660865  A  17390.7                   18900                      
21108820260904187934300558209  016  660867  A  17390.7                   18900                      
21108820260904187934300558209  017  668315  R  23187.6                   25200                      
21108820260904187934300558209  018  660938  R  28984.5                   31500                      
21108820260904187934300558209  019  660543  A  21255.3                   23100                      
21108820260904187934300558209  020  663025  A  61833.6                   67200                      
21108820260904187934300558209  021  660739  A  26086.05                  28350                      
21108820260904187934300558209  022  669913  R  71495.1                   77700                      
21108820260904187934300558209  023  666452  R  57969                     63000                      
21108820260904187934300558209  024  661130  A  24153.75                  26250                      
21108820260904187934300558209  025  660001  A  5796.9                    6300                       
21102420260904629600012400146  001  660063  A  15158                     23100                      
21102420260904629600012400146  002  660933  A  5512                      8400                       
21102420260904629600012400146  003  661086  A  16536                     25200                      
21102420260904629600012400146  004  666042  A  26182                     39900                      
21102420260904629600012400146  005  666067  A  26182                     39900                      
21102420260904629600012400146  006  660001  A  4134                      6300                       
21102420260904887400021622090  001  660475  R  4134                      6300                       
21102420260904887400021622090  002  660412  R  2067                      3150                       
21102420260904887400021622090  003  660297  R  1378                      2100                       
21102420260904887400021622090  004  660412  R  2067                      3150                       
21102420260904887400021622090  005  660902  R  2067                      3150                       
21102420260904887400021622090  006  660192  R  2756                      4200                       
21102420260904887400021622090  007  660174  R  2067                      3150                       
21102420260904887400021622090  008  660876  R  3445                      5250                       
21102420260904887400021622090  009  661040  R  5512                      8400                       
21102420260904887400021622090  010  661035  R  4134                      6300                       
21102420260904887400021622090  011  660904  R  2067                      3150                       
21102420260904887400021622090  012  660481  R  8268                      12600                      
21102420260904887400021622090  013  660420  R  3445                      5250                       
21102420260904887400021622090  014  660594  R  4134                      6300                       
21102420260904887400021622090  015  660763  R  2067                      3150                       
21102420260904887400021622090  016  660015  R  2067                      3150                       
21102420260904887400021622090  017  660711  R  4134                      6300                       
21102420260904887400021622090  018  660833  R  11024                     16800                      
21102420260904887400021622090  019  661000  R  24804                     37800                      
21102420260904887400021622090  020  660001  R  4134                      6300                       
21108420260904724200012751656  001  660475  A  4134                      6300                       
21108420260904724200012751656  002  660297  A  1378                      2100                       
21108420260904724200012751656  003  660412  A  2067                      3150                       
21108420260904724200012751656  004  660902  A  2067                      3150                       
21108420260904724200012751656  005  660192  A  2756                      4200                       
21108420260904724200012751656  006  660174  A  2067                      3150                       
21108420260904724200012751656  007  661035  A  4134                      6300                       
21108420260904724200012751656  008  661040  A  5512                      8400                       
21108420260904724200012751656  009  660876  A  3445                      5250                       
21108420260904724200012751656  010  660171  A  8268                      12600                      
21108420260904724200012751656  011  660481  A  8268                      12600                      
21108420260904724200012751656  012  660865  A  12402                     18900                      
21108420260904724200012751656  013  660867  A  12402                     18900                      
21108420260904724200012751656  014  668315  A  16536                     25200                      
21108420260904724200012751656  015  669460  R  19292                     29400                      
21108420260904724200012751656  016  660764  A  6890                      10500                      
21108420260904724200012751656  017  660863  A  15158                     23100                      
21108420260904724200012751656  018  660063  A  15158                     23100                      
21108420260904724200012751656  019  660933  A  5512                      8400                       
21108420260904724200012751656  020  661086  A  16536                     25200                      
21108420260904724200012751656  021  661095  A  27560                     42000                      
21108420260904724200012751656  022  660133  A  2067                      3150                       
21108420260904724200012751656  023  660653  A  3445                      5250                       
21108420260904724200012751656  024  660911  A  20670                     31500                      
21108420260904724200012751656  025  660001  A  4134                      6300                       
21100620260904024898082880650  001  660475  A  3750                      4050                       
21100620260904024898082880650  002  660412  A  1875                      2025                       
21100620260904024898082880650  003  660174  A  1875                      2025                       
21100620260904024898082880650  004  660876  A  3125                      3375                       
21100620260904024898082880650  005  660481  A  7500                      8100                       
21100620260904024898082880650  006  660193  A  6250                      6750                       
21100620260904024898082880650  007  660653  A  3125                      3375                       
21100620260904024898082880650  008  660982  A  15000                     16200                      
21100620260904024898082880650  009  660767  A  1875                      2025                       
21100620260904024898082880650  010  660133  A  1875                      2025                       
21100620260904024898082880650  011  660904  A  1875                      2025                       
21100620260904024898082880650  012  660865  A  11250                     12150                      
21100620260904024898082880650  013  660867  A  11250                     12150                      
21100620260904024898082880650  014  668315  A  15000                     16200                      
21100620260904024898082880650  015  669661  A  12500                     13500                      
21100620260904024898082880650  016  669913  A  46250                     49950                      
21100620260904024898082880650  017  660001  A  3750                      4050                       
21101020260904013038975732136  001  660481  A  7500                      8100                       
21101020260904013038975732136  002  661000  A  22500                     24300                      
21101020260904013038975732136  003  661035  A  3750                      4050                       
21101020260904013038975732136  004  661040  A  5000                      5400                       
21101020260904013038975732136  005  667187  A  25000                     27000                      
21101020260904013038975732136  006  662811  A  13750                     14850                      
21101020260904013038975732136  007  666452  A  37500                     40500                      
21101020260904013038975732136  008  660001  A  3750                      4050                       
21104320260904021692653966031  001  660475  A  3750                      4050                       
21104320260904021692653966031  002  660297  A  1250                      1350                       
21104320260904021692653966031  003  660412  A  1875                      2025                       
21104320260904021692653966031  004  660902  A  1875                      2025                       
21104320260904021692653966031  005  660192  A  2500                      2700                       
21104320260904021692653966031  006  660904  A  1875                      2025                       
21104320260904021692653966031  007  660174  A  1875                      2025                       
21104320260904021692653966031  008  661035  A  3750                      4050                       
21104320260904021692653966031  009  661040  A  5000                      5400                       
21104320260904021692653966031  010  660876  A  3125                      3375                       
21104320260904021692653966031  011  660481  A  7500                      8100                       
21104320260904021692653966031  012  660711  A  3750                      4050                       
21104320260904021692653966031  013  660865  A  11250                     12150                      
21104320260904021692653966031  014  660867  A  11250                     12150                      
21104320260904021692653966031  015  661000  A  22500                     24300                      
21104320260904021692653966031  016  669913  A  46250                     49950                      
21104320260904021692653966031  017  660761  A  6250                      6750                       
21104320260904021692653966031  018  660133  A  1875                      2025                       
21104320260904021692653966031  019  660598  A  6250                      6750                       
21104320260904021692653966031  020  660001  A  3750                      4050                       
21105020260904031154139649549  001  660475  A  3390                      0                          
21105020260904031154139649549  002  660412  A  1695                      0                          
21105020260904031154139649549  003  660902  A  1695                      0                          
21105020260904031154139649549  004  660192  A  2260                      0                          
21105020260904031154139649549  005  660904  A  1695                      0                          
21105020260904031154139649549  006  660481  A  6780                      0                          
21105020260904031154139649549  007  660001  A  3390                      0                          
21100820260904023757497964314  001  660475  A  0                         0                          
21100820260904023757497964314  002  661000  A  0                         0                          
21100820260904023757497964314  003  660297  A  0                         0                          
21100820260904023757497964314  004  660412  A  0                         0                          
21100820260904023757497964314  005  660902  A  0                         0                          
21100820260904023757497964314  006  660192  A  0                         0                          
21100820260904023757497964314  007  660481  A  0                         0                          
21100820260904023757497964314  008  660174  A  0                         0                          
21100820260904023757497964314  009  660876  A  0                         0                          
21100820260904023757497964314  010  660904  A  0                         0                          
21100820260904023757497964314  011  660711  A  0                         0                          
21100820260904023757497964314  012  660001  A  0                         0                          
21100820260904052903247223781  001  660475  A  0                         0                          
21100820260904052903247223781  002  660746  A  0                         0                          
21100820260904052903247223781  003  660412  A  0                         0                          
21100820260904052903247223781  004  660902  A  0                         0                          
21100820260904052903247223781  005  660192  A  0                         0                          
21100820260904052903247223781  006  660481  A  0                         0                          
21100820260904052903247223781  007  660174  A  0                         0                          
21100820260904052903247223781  008  660876  A  0                         0                          
21100820260904052903247223781  009  660904  A  0                         0                          
21100820260904052903247223781  010  660865  A  0                         0                          
21100820260904052903247223781  011  660867  A  0                         0                          
21100820260904052903247223781  012  660711  A  0                         0                          
21100820260904052903247223781  013  660001  A  0                         0                          
